#,Job_ID,Reserved,v1: Lighting Electricity [kWh],s1: Electricity [kWh],s1: normalized,t1: Heating [kWh],t2: Cooling [kWh]
0,LHS-000578,,69247.152,139270.518,0.1309017266666667,45531.47510738917,27071.931772062697
0,LHS-000579,,102868.272,149979.16799999998,0.1665972266666666,191507.9928078653,16386.669827901027
0,LHS-000574,,35195.472,81719.523,0.0,115627.69989293972,8795.613966759194
0,LHS-000575,,18600.192,87743.2905,0.0,155415.74183932086,7681.223913514305
0,LHS-000576,,93227.472,115894.998,0.05298332666666669,191498.1335277958,26498.676251743196
0,LHS-000577,,18815.472,111751.308,0.039171026666666685,195304.63479909638,19585.850242758614
0,LHS-000570,,52436.592,122459.958,0.07486652666666667,60291.057484037505,36928.825740358334
0,LHS-000571,,18815.472,134663.778,0.11554592666666663,81250.3474793964,35511.15634032972
0,LHS-000700,,35195.472,139217.5755,0.13072525166666668,45683.82360394778,50449.11236237834
0,LHS-000572,,35626.032,82736.928,0.0,85567.03324794304,9308.067833443445
0,LHS-000701,,86057.712,201906.01799999998,0.3396867266666666,15159.39280510353,127331.90520615723
0,LHS-000702,,93227.472,136255.968,0.12085322666666665,151884.77961909777,15820.773725400057
0,LHS-000573,,84981.31199999999,131505.363,0.1050178766666667,118073.49407978279,29736.164807421115
0,LHS-000978,,51790.75199999999,143552.89800000002,0.14517632666666672,172179.36526025305,14791.606334630305
0,LHS-000979,,35195.472,93979.4805,0.0,201854.8020458397,10460.301940108806
0,LHS-000986,,93227.472,156616.938,0.18872312666666666,37984.70207416833,47646.528947146115
0,LHS-000985,,84981.31199999999,121146.273,0.07048757666666668,129882.14970547278,28014.01329214
0,LHS-000988,,51790.75199999999,110574.7605,0.03524920166666668,68584.39478761583,36656.06701017445
0,LHS-000987,,51790.75199999999,155812.85549999998,0.1860428516666666,176667.82665594306,14805.2986004665
0,LHS-000157,,35626.032,151474.338,0.17158112666666664,52603.67055216889,42702.906519147225
0,LHS-000982,,102868.272,172891.63799999998,0.2429721266666666,39674.450061672775,35116.56347391111
0,LHS-000156,,51790.75199999999,155812.85549999998,0.1860428516666666,69743.01078915695,39958.98608602528
0,LHS-000981,,35626.032,151474.338,0.17158112666666664,73401.89340744527,55952.19299080834
0,LHS-000984,,35195.472,116598.528,0.05532842666666669,150334.597274245,19129.35169504706
0,LHS-000159,,35626.032,82736.928,0.0,51588.00761875278,50006.92543080944
0,LHS-000983,,84981.31199999999,199362.5055,0.3312083516666667,32647.921908371114,54432.63841492527
0,LHS-000158,,68386.03199999999,104550.993,0.015169976666666673,65899.24650852694,26502.46586104764
0,LHS-000153,,18600.192,87743.2905,0.0,95050.16444582777,24620.612980886082
0,LHS-000152,,78288.912,121317.40800000001,0.0710580266666667,60025.393746706104,34413.012560918054
0,LHS-000980,,84981.31199999999,199362.5055,0.3312083516666667,87282.01260617528,31418.59913619639
0,LHS-000155,,102868.272,149979.16799999998,0.1665972266666666,74146.39929409916,31681.82082246778
0,LHS-000154,,69247.152,162182.98799999998,0.2072766266666666,20735.95436854369,49808.17285157223
0,LHS-000151,,35195.472,71360.433,0.0,85746.56747625473,10336.975482964694
0,LHS-000150,,101576.59199999999,148100.643,0.1603354766666667,133670.44804318473,12758.276374117168
0,LHS-000589,,102868.272,218716.57799999998,0.3957219266666666,131049.72982892557,31600.504316343333
0,LHS-000587,,51790.75199999999,110574.7605,0.03524920166666668,76757.17633085388,34266.57137894972
0,LHS-000588,,51790.75199999999,133193.808,0.11064602666666663,58163.82591107555,35882.04487957806
0,LHS-000585,,78288.912,100956.43800000001,0.0031881266666666974,92900.84244034805,16776.260778595806
0,LHS-000586,,35195.472,104338.5705,0.014461901666666672,58801.87077161944,61279.41019827416
0,LHS-000583,,86057.712,201906.01799999998,0.3396867266666666,85648.69224988473,50579.67565497528
0,LHS-000584,,84981.31199999999,189003.41549999997,0.29667805166666655,134768.83881568583,26653.290552987917
0,LHS-000581,,68386.03199999999,127170.0405,0.09056680166666668,69620.57069405916,41126.81409894
0,LHS-000582,,78288.912,141678.378,0.13892792666666665,39948.010298195004,27584.492814928555
0,LHS-000969,,35195.472,104338.5705,0.014461901666666672,24919.94362960914,54056.90979349083
0,LHS-000580,,35195.472,139217.5755,0.13072525166666668,43630.973673986395,48634.04164845278
0,LHS-000967,,84981.31199999999,154124.4105,0.18041470166666665,54432.61340765028,49400.128736606945
0,LHS-000968,,18815.472,65926.368,0.0,60708.402496044444,7938.132678659722
0,LHS-000977,,63350.352,147100.788,0.15700262666666667,60011.91260357778,38426.837877194164
0,LHS-000976,,86057.712,178993.54799999998,0.2633118266666666,137044.00071069805,34736.31539403222
0,LHS-000975,,51790.75199999999,110574.7605,0.03524920166666668,130649.7986360311,20587.048236894807
0,LHS-000974,,51790.75199999999,166171.94549999997,0.22057315166666658,29507.31450521111,35488.69160921639
0,LHS-000973,,78288.912,162039.348,0.20679782666666666,99477.62009126444,52583.117226058894
0,LHS-000169,,101576.59199999999,205598.69549999997,0.3519956516666666,45629.66809420805,43337.98640829222
0,LHS-000972,,78288.912,121317.40800000001,0.0710580266666667,42973.116050659446,29031.727791372225
0,LHS-000168,,18534.672000000002,102285.10800000001,0.007617026666666691,99079.83144988639,46710.59212810527
0,LHS-000971,,18534.672000000002,61563.168000000005,0.0,53532.734765049994,7704.028293957111
0,LHS-000167,,51790.75199999999,133193.808,0.11064602666666663,197777.96322929973,13174.533113375111
0,LHS-000970,,68386.03199999999,172408.13549999997,0.2413604516666666,69106.67097734695,27433.512100365195
0,LHS-000166,,78288.912,141678.378,0.13892792666666665,134358.9566595289,15526.659924489915
0,LHS-000306,,101576.59199999999,170719.6905,0.23573230166666664,164010.99531478804,17564.462649544304
0,LHS-000165,,52436.592,99547.488,0.0,115864.30090227335,7744.880887119333
0,LHS-000305,,18600.192,87743.2905,0.0,63972.77020646416,51196.48995464278
0,LHS-000164,,68386.03199999999,137529.1305,0.12509710166666665,25150.343289235778,75749.98543952472
0,LHS-000304,,93227.472,156616.938,0.18872312666666666,168779.58860066946,34761.1882447825
0,LHS-000163,,52436.592,145372.428,0.1512414266666667,142860.76463648555,38911.54888240695
0,LHS-000303,,35195.472,93979.4805,0.0,19967.306189335945,44281.10517191695
0,LHS-000162,,18534.672000000002,102285.10800000001,0.007617026666666691,170409.9653464264,6662.753539398472
0,LHS-000302,,18600.192,132981.3855,0.10993795166666669,162595.90221391665,17941.552303441666
0,LHS-000161,,84981.31199999999,143765.3205,0.14588440166666666,28906.40964159111,48897.17657853445
0,LHS-000301,,35195.472,126957.618,0.08985872666666668,108059.44849769141,23957.710236081668
0,LHS-000160,,48411.791999999994,132162.228,0.10720742666666667,25625.765471050552,42162.827140853056
0,LHS-000300,,68386.03199999999,104550.993,0.015169976666666673,20730.490483741753,42557.71807892751
0,LHS-000552,,93227.472,176977.908,0.25659302666666667,7303.389113513889,126722.70502978195
0,LHS-000553,,33473.232,56140.758,0.0,96185.28270484695,11608.65308285511
0,LHS-000554,,101576.59199999999,137741.553,0.1258051766666667,23539.724845781664,74367.64625804333
0,LHS-000555,,18815.472,111751.308,0.039171026666666685,122182.06264816805,8506.214770569222
0,LHS-000556,,84981.31199999999,176743.45799999998,0.2558115266666666,72220.60267773917,42518.336908549994
0,LHS-000557,,35195.472,116598.528,0.05532842666666669,77624.40904376472,44915.05444851584
0,LHS-000558,,35195.472,149576.66549999997,0.16525555166666658,83288.30052388749,69064.43910293528
0,LHS-000559,,18600.192,132981.3855,0.10993795166666669,34084.42055990139,50389.96207182028
0,LHS-000956,,51790.75199999999,166171.94549999997,0.22057315166666658,93565.91638762945,40078.109585984996
0,LHS-000957,,63350.352,86017.878,0.0,30071.896144991388,39315.53991925472
0,LHS-000958,,84981.31199999999,166384.368,0.22128122666666664,36487.19414158584,68967.65738659278
0,LHS-000959,,18600.192,110362.338,0.03454112666666668,12182.913812531999,104749.21626936556
0,LHS-000550,,102868.272,218716.57799999998,0.3957219266666666,70571.79516842388,48136.61897504499
0,LHS-000551,,93227.472,115894.998,0.05298332666666669,46889.387731272225,76420.24477039582
0,LHS-000179,,84981.31199999999,166384.368,0.22128122666666664,46139.82084407862,31326.094270726666
0,LHS-000960,,33473.232,117223.668,0.057412226666666684,94098.6939206036,29419.06572116111
0,LHS-000178,,18600.192,77384.2005,0.0,113614.62888335473,9973.95001838161
0,LHS-000962,,35195.472,126957.618,0.08985872666666668,56500.12793809806,40954.439941885554
0,LHS-000961,,101576.59199999999,160360.6005,0.20120200166666666,140266.8660316867,28299.802741229443
0,LHS-000964,,52436.592,99547.488,0.0,17662.070175094388,114205.26236947389
0,LHS-000963,,69247.152,162182.98799999998,0.2072766266666666,123164.27768727306,18192.171888486748
0,LHS-000966,,86057.712,133168.608,0.11056202666666669,180005.5668490825,16519.35343108861
0,LHS-000965,,68386.03199999999,182767.2255,0.27589075166666666,10349.345332363026,111585.80371498861
0,LHS-000171,,51790.75199999999,98314.803,0.0,29505.10559510111,59354.01093300917
0,LHS-000170,,51790.75199999999,143552.89800000002,0.14517632666666672,46372.077841761115,48014.794751310284
0,LHS-000549,,48411.791999999994,71079.318,0.0,58273.16099642361,69189.82264887111
0,LHS-000173,,18534.672000000002,41202.198000000004,0.0,126287.6381592064,24785.712181094612
0,LHS-000172,,84981.31199999999,199362.5055,0.3312083516666667,15810.090771273528,67523.37436796862
0,LHS-000175,,78288.912,141678.378,0.13892792666666665,32994.91113472667,53239.877129789726
0,LHS-000174,,48411.791999999994,91440.288,0.0,69204.77173546667,35636.29869574111
0,LHS-000177,,101576.59199999999,205598.69549999997,0.3519956516666666,28726.913976766667,71687.43572438834
0,LHS-000176,,101576.59199999999,182979.648,0.27659882666666663,46662.896314729725,54595.057289954166
0,LHS-000565,,33473.232,56140.758,0.0,73744.18838435029,25589.91732918444
0,LHS-000566,,18534.672000000002,81924.138,0.0,110525.20128039083,6304.072277548445
0,LHS-000563,,35195.472,116598.528,0.05532842666666669,31508.93176883639,41160.1244061425
0,LHS-000564,,18534.672000000002,81924.138,0.0,58215.34995576722,28421.85160049278
0,LHS-000569,,35195.472,104338.5705,0.014461901666666672,143148.67267088333,10755.91209115686
0,LHS-000180,,18534.672000000002,41202.198000000004,0.0,115521.62987540361,34243.9778388575
0,LHS-000567,,68386.03199999999,127170.0405,0.09056680166666668,28092.276121344443,45639.04711367694
0,LHS-000568,,86057.712,201906.01799999998,0.3396867266666666,92460.38667026693,26081.492048592
0,LHS-000947,,51790.75199999999,155812.85549999998,0.1860428516666666,24219.335186501332,95559.92810039333
0,LHS-000948,,93227.472,156616.938,0.18872312666666666,15437.44527843039,94171.42926417667
0,LHS-000945,,52436.592,168284.898,0.22761632666666662,87750.7701941678,24417.800472146446
0,LHS-000946,,18534.672000000002,41202.198000000004,0.0,103688.62484086583,6023.759712744221
0,LHS-000561,,18600.192,132981.3855,0.10993795166666669,66697.40112043278,22667.704685066416
0,LHS-000562,,84981.31199999999,154124.4105,0.18041470166666665,101799.3879587525,22650.276945313086
0,LHS-000949,,84981.31199999999,131505.363,0.1050178766666667,94057.88129915444,14171.482944459249
0,LHS-000560,,84981.31199999999,166384.368,0.22128122666666664,27879.738020430555,48311.832262070835
0,LHS-000951,,101576.59199999999,148100.643,0.1603354766666667,64023.594072814725,23842.34821258486
0,LHS-000950,,35195.472,81719.523,0.0,160087.24536435332,15694.444446951251
0,LHS-000189,,86057.712,133168.608,0.11056202666666669,10384.79971338814,72207.62877890223
0,LHS-000955,,51790.75199999999,166171.94549999997,0.22057315166666658,53764.84853289055,41722.03885052055
0,LHS-000954,,101576.59199999999,137741.553,0.1258051766666667,59212.95929388528,42835.8044775875
0,LHS-000953,,35626.032,151474.338,0.17158112666666664,74574.80850146528,63215.820578725
0,LHS-000952,,35195.472,149576.66549999997,0.16525555166666658,150282.31526423414,21621.867428451693
0,LHS-000184,,51790.75199999999,120933.8505,0.06977950166666667,34424.99046005889,53243.68802566111
0,LHS-000183,,51790.75199999999,98314.803,0.0,83586.79373095169,25474.691080234694
0,LHS-000182,,69247.152,185095.45799999998,0.2836515266666666,132148.10792641193,19351.39726532408
0,LHS-000181,,18534.672000000002,81924.138,0.0,224322.13049841113,6530.497170212889
0,LHS-000188,,78288.912,141678.378,0.13892792666666665,25910.26529096103,41512.99005214944
0,LHS-000187,,93227.472,115894.998,0.05298332666666669,69869.54870603749,28099.929731171942
0,LHS-000186,,52436.592,122459.958,0.07486652666666667,5156.984700527417,109588.59254500971
0,LHS-000185,,35195.472,149576.66549999997,0.16525555166666658,26768.187335694947,64932.61653619555
0,LHS-000939,,101576.59199999999,137741.553,0.1258051766666667,53320.83798549055,53090.51000931583
0,LHS-000744,,63350.352,86017.878,0.0,52414.40958243,24397.464455766472
0,LHS-000938,,33473.232,56140.758,0.0,108892.16371088139,15619.213641421806
0,LHS-000743,,18600.192,122622.29550000001,0.07540765166666669,53847.45113130195,30923.85319804667
0,LHS-000746,,33473.232,117223.668,0.057412226666666684,25769.286656871027,39812.267830480276
0,LHS-000745,,18600.192,122622.29550000001,0.07540765166666669,48187.061013028884,49018.22998258417
0,LHS-000935,,69247.152,162182.98799999998,0.2072766266666666,79876.16309954834,29033.465277844167
0,LHS-000740,,51790.75199999999,110574.7605,0.03524920166666668,9305.359921490583,57784.22688767111
0,LHS-000934,,101576.59199999999,137741.553,0.1258051766666667,63049.11060821083,38649.99279700056
0,LHS-000109,,63350.352,86017.878,0.0,66640.03891369612,15764.886355906585
0,LHS-000937,,68386.03199999999,160148.17799999999,0.20049392666666663,106933.02303966194,32045.27573068
0,LHS-000742,,18600.192,87743.2905,0.0,131295.94117310306,16094.215333386777
0,LHS-000936,,102868.272,218716.57799999998,0.3957219266666666,141957.28905546945,33603.11310406139
0,LHS-000741,,48411.791999999994,111801.258,0.03933752666666667,59061.76457892278,41358.87079208973
0,LHS-000535,,68386.03199999999,172408.13549999997,0.2413604516666666,18214.175247897194,65293.00334802777
0,LHS-000534,,84981.31199999999,121146.273,0.07048757666666668,112965.58100915278,56500.118782046666
0,LHS-000537,,101576.59199999999,205598.69549999997,0.3519956516666666,48419.70530650973,32507.087641530554
0,LHS-000536,,18600.192,54765.153000000006,0.0,93225.26856046195,4344.801843527612
0,LHS-000531,,18600.192,100003.248,1.0826666666689561E-5,50623.48276209388,36998.39373471
0,LHS-000329,,18534.672000000002,61563.168000000005,0.0,30392.204372038614,90132.28687908473
0,LHS-000530,,52436.592,99547.488,0.0,187409.24069909556,8542.905283683916
0,LHS-000533,,52436.592,145372.428,0.1512414266666667,26486.060171754223,62974.74884837194
0,LHS-000532,,84981.31199999999,143765.3205,0.14588440166666666,78714.6096722089,26003.81209866875
0,LHS-000336,,84981.31199999999,143765.3205,0.14588440166666666,12432.856460776306,70440.29829487111
0,LHS-000337,,63350.352,106378.848,0.02126282666666666,184388.91674496362,8692.322504820057
0,LHS-000338,,52436.592,168284.898,0.22761632666666662,89125.23232189694,49552.41499025917
0,LHS-000110,,63350.352,147100.788,0.15700262666666667,31883.671527523333,33723.2429309075
0,LHS-000339,,48411.791999999994,111801.258,0.03933752666666667,23320.184977420056,40475.97068001917
0,LHS-000111,,101576.59199999999,137741.553,0.1258051766666667,51982.334446731395,34612.83566833555
0,LHS-000332,,102868.272,195804.10799999998,0.3193470266666666,4243.877669976805,111933.58970763777
0,LHS-000527,,18815.472,88838.838,0.0,43010.338382122776,26793.531854769943
0,LHS-000333,,68386.03199999999,160148.17799999999,0.20049392666666663,42388.84148549055,36177.070634061114
0,LHS-000528,,35195.472,149576.66549999997,0.16525555166666658,29094.90425157528,48251.77676306222
0,LHS-000334,,51790.75199999999,110574.7605,0.03524920166666668,51110.738726369156,36876.125590288335
0,LHS-000529,,101576.59199999999,205598.69549999997,0.3519956516666666,119440.31361246278,41500.08246196
0,LHS-000335,,102868.272,172891.63799999998,0.2429721266666666,70949.76130181056,30091.538931629442
0,LHS-000941,,35195.472,126957.618,0.08985872666666668,110617.64092116694,23193.676210970698
0,LHS-000116,,101576.59199999999,160360.6005,0.20120200166666666,181439.11893671166,20282.603602454248
0,LHS-000942,,78288.912,100956.43800000001,0.0031881266666666974,91554.46971093834,10842.079005358055
0,LHS-000117,,35626.032,82736.928,0.0,140780.36769248973,5755.603977463222
0,LHS-000943,,35195.472,71360.433,0.0,69240.81277917666,35493.13505953889
0,LHS-000330,,48411.791999999994,111801.258,0.03933752666666667,51847.978966314164,45207.09562704111
0,LHS-000118,,101576.59199999999,137741.553,0.1258051766666667,83088.12728593194,44198.011299075275
0,LHS-000944,,33473.232,76501.728,0.0,179850.67539994858,6725.771438268305
0,LHS-000331,,101576.59199999999,182979.648,0.27659882666666663,14382.770558248945,74242.47196304971
0,LHS-000119,,18815.472,111751.308,0.039171026666666685,98599.06622908582,27282.940371520945
0,LHS-000112,,78288.912,162039.348,0.20679782666666666,17747.54399285986,49052.78343644417
0,LHS-000736,,52436.592,99547.488,0.0,44551.85210423611,59079.69877636167
0,LHS-000113,,33473.232,96862.698,0.0,142192.8568655136,10054.532983558722
0,LHS-000737,,18534.672000000002,41202.198000000004,0.0,180091.7502733875,14711.021847188833
0,LHS-000114,,48411.791999999994,71079.318,0.0,210458.1554710261,2698.3675560625275
0,LHS-000738,,52436.592,122459.958,0.07486652666666667,134139.29262335555,35865.6862242825
0,LHS-000940,,18600.192,77384.2005,0.0,141015.78370690832,7943.056343925277
0,LHS-000115,,78288.912,100956.43800000001,0.0031881266666666974,118494.16982517333,21966.15925846414
0,LHS-000739,,33473.232,56140.758,0.0,106661.1185052725,29749.970946594167
0,LHS-000540,,93227.472,136255.968,0.12085322666666665,88425.3175815475,52607.52370986251
0,LHS-000735,,48411.791999999994,132162.228,0.10720742666666667,82256.05637751806,20352.429051384806
0,LHS-000734,,35195.472,139217.5755,0.13072525166666668,59847.113211663884,55221.22737421556
0,LHS-000929,,35195.472,81719.523,0.0,36308.87816663417,39602.455766598054
0,LHS-000733,,102868.272,195804.10799999998,0.3193470266666666,65753.21559663584,34549.703818451664
0,LHS-000928,,18600.192,132981.3855,0.10993795166666669,41525.76370203362,52552.123889533614
0,LHS-000732,,69247.152,139270.518,0.1309017266666667,87951.87201976082,30118.087343780557
0,LHS-000927,,86057.712,156081.07799999998,0.1869369266666666,13320.709948062973,62841.10745224861
0,LHS-000731,,86057.712,156081.07799999998,0.1869369266666666,107370.00087362195,17153.089975330557
0,LHS-000926,,18600.192,100003.248,1.0826666666689561E-5,61420.376371268605,56798.107104722505
0,LHS-000730,,35626.032,105649.398,0.01883132666666667,87700.38363460278,16136.782436844971
0,LHS-000925,,18815.472,88838.838,0.0,121886.03273966222,9092.284728746916
0,LHS-000924,,52436.592,122459.958,0.07486652666666667,99946.09566425806,69574.78016373917
0,LHS-000923,,84981.31199999999,176743.45799999998,0.2558115266666666,27388.391203505696,38735.20045962611
0,LHS-000548,,69247.152,185095.45799999998,0.2836515266666666,14834.53005693161,84567.37289961443
0,LHS-000547,,18600.192,65124.243,0.0,175282.8875779464,9054.654673228639
0,LHS-000546,,52436.592,122459.958,0.07486652666666667,181528.67786950833,11521.289988399805
0,LHS-000545,,51790.75199999999,87955.713,0.0,58255.515726845566,13283.742005725806
0,LHS-000544,,18600.192,54765.153000000006,0.0,194466.45539472945,2765.9034413267777
0,LHS-000543,,35626.032,105649.398,0.01883132666666667,216443.68232539363,6612.124072692305
0,LHS-000542,,18600.192,87743.2905,0.0,99355.92208728527,26523.179295065525
0,LHS-000541,,63350.352,126739.818,0.08913272666666666,83145.38762233027,15681.742370312417
0,LHS-000121,,84981.31199999999,121146.273,0.07048757666666668,30843.919427389166,65546.10042473667
0,LHS-000349,,78288.912,121317.40800000001,0.0710580266666667,41833.65937299473,59282.62263068306
0,LHS-000122,,35626.032,128561.868,0.09520622666666667,53784.432162432495,37672.838099299726
0,LHS-000347,,35626.032,82736.928,0.0,66906.58198037333,19467.562494729027
0,LHS-000120,,35626.032,151474.338,0.17158112666666664,204438.39906972693,10861.439973618084
0,LHS-000348,,18600.192,110362.338,0.03454112666666668,87886.55066724666,15137.44712948764
0,LHS-000345,,18815.472,88838.838,0.0,42111.436929821946,39553.75935515917
0,LHS-000346,,35195.472,139217.5755,0.13072525166666668,28112.182462243887,59954.06571773416
0,LHS-000538,,18600.192,87743.2905,0.0,57364.156504166385,69854.80804727307
0,LHS-000343,,86057.712,201906.01799999998,0.3396867266666666,28061.963400015,50602.455197985
0,LHS-000539,,18534.672000000002,41202.198000000004,0.0,94197.93721569583,8988.481190300083
0,LHS-000344,,35626.032,128561.868,0.09520622666666667,96708.0255314925,40105.25828587778
0,LHS-000129,,18815.472,111751.308,0.039171026666666685,155306.4452107369,11376.592369247168
0,LHS-000341,,35626.032,128561.868,0.09520622666666667,40553.70723759278,23232.768942672665
0,LHS-000932,,48411.791999999994,132162.228,0.10720742666666667,114925.2290947664,12698.538465036445
0,LHS-000342,,18534.672000000002,81924.138,0.0,126358.27021989806,14217.391046119612
0,LHS-000933,,68386.03199999999,127170.0405,0.09056680166666668,32160.844395272223,42739.71258025611
0,LHS-000729,,18600.192,54765.153000000006,0.0,42582.366405468056,20136.933709213085
0,LHS-000127,,18600.192,122622.29550000001,0.07540765166666669,128966.36353954945,12248.055027200973
0,LHS-000930,,101576.59199999999,160360.6005,0.20120200166666666,56848.41525087361,50041.97403566277
0,LHS-000128,,69247.152,185095.45799999998,0.2836515266666666,28861.994895295553,90581.372886115
0,LHS-000340,,68386.03199999999,137529.1305,0.12509710166666665,74009.03301152306,18983.95629467236
0,LHS-000931,,78288.912,141678.378,0.13892792666666665,34150.673870165556,59956.27689747
0,LHS-000727,,101576.59199999999,148100.643,0.1603354766666667,45380.225320956946,28255.938061653887
0,LHS-000125,,35195.472,116598.528,0.05532842666666669,158720.8925197536,17186.161470103056
0,LHS-000728,,102868.272,195804.10799999998,0.3193470266666666,153157.12320335585,17400.30700387828
0,LHS-000126,,68386.03199999999,127170.0405,0.09056680166666668,181441.93026401472,17170.06622769136
0,LHS-000725,,102868.272,218716.57799999998,0.3957219266666666,2196.9734186354167,167846.54796027864
0,LHS-000123,,78288.912,162039.348,0.20679782666666666,37619.87503881222,64751.94603178722
0,LHS-000726,,35195.472,116598.528,0.05532842666666669,39836.28330898888,28809.63931625333
0,LHS-000124,,35626.032,105649.398,0.01883132666666667,141970.86038641416,12761.541999592193
0,LHS-000913,,51790.75199999999,87955.713,0.0,83693.11160505944,42839.18636104667
0,LHS-000912,,35195.472,139217.5755,0.13072525166666668,145359.6813867625,19042.36489302439
0,LHS-000720,,84981.31199999999,154124.4105,0.18041470166666665,35282.57187673528,31576.92091421528
0,LHS-000915,,93227.472,115894.998,0.05298332666666669,166179.481999355,9030.969033348083
0,LHS-000914,,51790.75199999999,98314.803,0.0,110016.24666452028,21115.15508231764
0,LHS-000722,,78288.912,162039.348,0.20679782666666666,22441.669278148802,107573.51194050112
0,LHS-000917,,101576.59199999999,148100.643,0.1603354766666667,53104.27003835778,18725.184074926583
0,LHS-000721,,101576.59199999999,170719.6905,0.23573230166666664,72963.50499335861,26868.681806980778
0,LHS-000916,,78288.912,162039.348,0.20679782666666666,56132.79349975416,30584.724417951387
0,LHS-000724,,18600.192,54765.153000000006,0.0,93792.32092135666,32031.049241581666
0,LHS-000919,,68386.03199999999,127170.0405,0.09056680166666668,126564.88528279889,27323.380498317725
0,LHS-000723,,51790.75199999999,166171.94549999997,0.22057315166666658,6889.3691312260835,138621.98226363
0,LHS-000918,,68386.03199999999,172408.13549999997,0.2413604516666666,77911.85934425499,40586.93152356472
0,LHS-000308,,84981.31199999999,143765.3205,0.14588440166666666,64189.26875040472,30128.044291416114
0,LHS-000307,,86057.712,133168.608,0.11056202666666669,57009.98334373361,23112.697838008193
0,LHS-000511,,86057.712,201906.01799999998,0.3396867266666666,5719.609494369111,117723.10138344778
0,LHS-000510,,35195.472,104338.5705,0.014461901666666672,286914.05110401945,6073.575357981305
0,LHS-000309,,18815.472,88838.838,0.0,160164.54265182806,5399.857344203028
0,LHS-000513,,102868.272,195804.10799999998,0.3193470266666666,56713.89123973195,45695.9111156475
0,LHS-000512,,102868.272,172891.63799999998,0.2429721266666666,76309.35418129138,63649.07102794166
0,LHS-000515,,18600.192,100003.248,1.0826666666689561E-5,174081.80635580723,6489.782889676944
0,LHS-000514,,69247.152,185095.45799999998,0.2836515266666666,198826.0936581825,24196.685798784692
0,LHS-000505,,63350.352,106378.848,0.02126282666666666,125017.23432587777,15357.322246120611
0,LHS-000310,,51790.75199999999,133193.808,0.11064602666666663,91150.71895150862,18567.095083482945
0,LHS-000506,,51790.75199999999,166171.94549999997,0.22057315166666658,24025.305867196363,42272.22441918916
0,LHS-000311,,52436.592,99547.488,0.0,133024.30300310196,13840.842410438361
0,LHS-000507,,18534.672000000002,41202.198000000004,0.0,158928.3196624208,20123.56094938225
0,LHS-000312,,18534.672000000002,61563.168000000005,0.0,175536.83641381777,4044.890943336583
0,LHS-000508,,33473.232,76501.728,0.0,126755.36193354888,3679.5494944664447
0,LHS-000313,,18815.472,134663.778,0.11554592666666663,33424.939265263885,27290.776133209027
0,LHS-000509,,35195.472,149576.66549999997,0.16525555166666658,26393.27768405253,38703.94157174278
0,LHS-000130,,18600.192,100003.248,1.0826666666689561E-5,82070.48425907751,23662.59527326417
0,LHS-000314,,51790.75199999999,110574.7605,0.03524920166666668,79818.65224995305,19978.38257243989
0,LHS-000131,,102868.272,195804.10799999998,0.3193470266666666,109856.79529471083,23462.707220227447
0,LHS-000315,,93227.472,176977.908,0.25659302666666667,19018.278124405526,70325.44743621832
0,LHS-000132,,33473.232,76501.728,0.0,195426.1876737903,5068.367981044139
0,LHS-000316,,18600.192,100003.248,1.0826666666689561E-5,56178.48036232278,22663.756851679023
0,LHS-000133,,101576.59199999999,160360.6005,0.20120200166666666,12659.679804863472,95122.9297049
0,LHS-000317,,18815.472,65926.368,0.0,158634.59045325892,6707.020345894973
0,LHS-000714,,33473.232,117223.668,0.057412226666666684,95774.11412628084,20780.007101175248
0,LHS-000134,,68386.03199999999,149789.088,0.16596362666666664,31337.806114781386,76769.52833832416
0,LHS-000715,,68386.03199999999,127170.0405,0.09056680166666668,162055.97965660028,10616.014669568749
0,LHS-000135,,33473.232,117223.668,0.057412226666666684,24025.840993203998,25985.26608693272
0,LHS-000716,,35195.472,149576.66549999997,0.16525555166666658,98838.53105682723,18779.147493726086
0,LHS-000136,,101576.59199999999,137741.553,0.1258051766666667,112071.42625921583,17837.63786361633
0,LHS-000717,,18600.192,122622.29550000001,0.07540765166666669,86488.29360538168,24958.88911289233
0,LHS-000137,,52436.592,122459.958,0.07486652666666667,98522.18281241028,57447.664965031945
0,LHS-000718,,68386.03199999999,172408.13549999997,0.2413604516666666,25281.386036184198,111820.22208719085
0,LHS-000138,,101576.59199999999,193338.73799999998,0.3111291266666666,18987.610608581836,67639.75815554611
0,LHS-000719,,35195.472,104338.5705,0.014461901666666672,76022.9409405564,26949.330342225363
0,LHS-000139,,18600.192,65124.243,0.0,174221.79466723363,13208.595765597529
0,LHS-000920,,48411.791999999994,132162.228,0.10720742666666667,11891.6496999735,62870.36391772167
0,LHS-000921,,52436.592,122459.958,0.07486652666666667,109778.81007263584,24925.11470087803
0,LHS-000922,,35195.472,104338.5705,0.014461901666666672,62574.40365701222,23818.311150520225
0,LHS-000904,,84981.31199999999,189003.41549999997,0.29667805166666655,28271.611304789447,103983.78484141083
0,LHS-000903,,35626.032,151474.338,0.17158112666666664,102692.27228003499,30582.343741341385
0,LHS-000902,,78288.912,141678.378,0.13892792666666665,75634.23866654916,21307.59902687328
0,LHS-000901,,101576.59199999999,205598.69549999997,0.3519956516666666,15955.806776916139,80638.15539210473
0,LHS-000713,,18600.192,132981.3855,0.10993795166666669,31134.167646180835,54574.095139609446
0,LHS-000908,,84981.31199999999,189003.41549999997,0.29667805166666655,69264.70032866723,39672.34609541166
0,LHS-000712,,52436.592,99547.488,0.0,77969.66672140307,41638.865649829444
0,LHS-000907,,35626.032,128561.868,0.09520622666666667,122936.16936632001,22361.66208097828
0,LHS-000711,,18534.672000000002,81924.138,0.0,173410.6016483064,6643.232467974028
0,LHS-000906,,78288.912,141678.378,0.13892792666666665,89482.38482734139,60643.16337274362
0,LHS-000710,,69247.152,185095.45799999998,0.2836515266666666,66708.27919167417,38497.07843436972
0,LHS-000905,,35626.032,151474.338,0.17158112666666664,11629.616220368362,73657.25313421
0,LHS-000522,,102868.272,149979.16799999998,0.1665972266666666,270351.9683402636,9272.875841416333
0,LHS-000521,,33473.232,117223.668,0.057412226666666684,75525.14795217999,25847.494548273502
0,LHS-000520,,86057.712,133168.608,0.11056202666666669,53369.941809785276,27959.262690696945
0,LHS-000319,,18815.472,134663.778,0.11554592666666663,91026.42531609723,15579.64214078039
0,LHS-000318,,86057.712,156081.07799999998,0.1869369266666666,34651.21953236889,64019.151622387224
0,LHS-000909,,18534.672000000002,61563.168000000005,0.0,256476.7288573128,12949.100016873666
0,LHS-000526,,18600.192,122622.29550000001,0.07540765166666669,19705.68961700005,97932.67063410833
0,LHS-000525,,35626.032,82736.928,0.0,107494.43694681334,8821.74228294925
0,LHS-000524,,69247.152,139270.518,0.1309017266666667,17236.489836921442,52381.93414257139
0,LHS-000523,,18600.192,77384.2005,0.0,71433.80811649527,71467.61534852111
0,LHS-000518,,51790.75199999999,110574.7605,0.03524920166666668,41101.06168528306,86670.65819621446
0,LHS-000323,,101576.59199999999,160360.6005,0.20120200166666666,26558.484588867,44086.154826523605
0,LHS-000519,,101576.59199999999,193338.73799999998,0.3111291266666666,95494.55560515943,65021.90516192917
0,LHS-000140,,78288.912,121317.40800000001,0.0710580266666667,75654.06149959307,16710.43624046353
0,LHS-000324,,18600.192,65124.243,0.0,102848.68850336305,21286.027473900667
0,LHS-000516,,18534.672000000002,102285.10800000001,0.007617026666666691,107301.91809095611,34163.8896457725
0,LHS-000321,,52436.592,145372.428,0.1512414266666667,187104.0140804581,10206.198108874278
0,LHS-000517,,84981.31199999999,143765.3205,0.14588440166666666,78305.36814910639,30993.416123193332
0,LHS-000322,,68386.03199999999,127170.0405,0.09056680166666668,21332.912980388028,40912.51703126
0,LHS-000143,,78288.912,162039.348,0.20679782666666666,109260.07353222444,19218.50383418333
0,LHS-000327,,78288.912,162039.348,0.20679782666666666,42125.37719680833,53365.464741316115
0,LHS-000144,,101576.59199999999,205598.69549999997,0.3519956516666666,27808.495411629723,94832.9991440825
0,LHS-000328,,33473.232,96862.698,0.0,53419.47486893584,30008.37360963778
0,LHS-000141,,18815.472,111751.308,0.039171026666666685,88915.66885432166,13379.87935889925
0,LHS-000325,,18600.192,122622.29550000001,0.07540765166666669,57311.40812983472,53109.22643184361
0,LHS-000142,,18534.672000000002,81924.138,0.0,34361.214216043336,73770.20049315057
0,LHS-000326,,18600.192,65124.243,0.0,79397.2491130525,27387.985004427333
0,LHS-000705,,18534.672000000002,41202.198000000004,0.0,121091.92812427222,13763.605127545252
0,LHS-000147,,63350.352,86017.878,0.0,79292.75506913778,18170.735162538276
0,LHS-000706,,68386.03199999999,114910.083,0.04970027666666666,88646.64706500861,17100.56667781986
0,LHS-000148,,18600.192,65124.243,0.0,173128.52301207944,35778.75934246556
0,LHS-000703,,18600.192,65124.243,0.0,157082.93987802972,12820.051481402888
0,LHS-000145,,52436.592,122459.958,0.07486652666666667,90379.80350900444,18942.99911936078
0,LHS-000704,,84981.31199999999,131505.363,0.1050178766666667,50309.60183791972,19787.984383910694
0,LHS-000146,,101576.59199999999,193338.73799999998,0.3111291266666666,91447.10231277611,37909.54613786555
0,LHS-000709,,69247.152,139270.518,0.1309017266666667,107860.09624592501,26976.630957710888
0,LHS-000910,,68386.03199999999,114910.083,0.04970027666666666,155701.9935494178,22695.633813854554
0,LHS-000320,,48411.791999999994,71079.318,0.0,190053.96707320167,4666.780871755278
0,LHS-000911,,18600.192,65124.243,0.0,27027.925550295306,18492.941886661443
0,LHS-000707,,69247.152,116358.04800000001,0.0545268266666667,77814.69540942472,11418.585817406418
0,LHS-000149,,84981.31199999999,166384.368,0.22128122666666664,124191.29600005527,35085.66332189083
0,LHS-000708,,51790.75199999999,166171.94549999997,0.22057315166666658,52441.08930634695,43608.437215666665
0,LHS-000781,,78288.912,141678.378,0.13892792666666665,156618.12969878805,19781.80155504225
0,LHS-000782,,84981.31199999999,189003.41549999997,0.29667805166666655,181847.6092056733,24131.60992684164
0,LHS-000780,,63350.352,126739.818,0.08913272666666666,174070.12500170834,9215.934775506583
0,LHS-000789,,18815.472,88838.838,0.0,64202.4544049125,14402.49359772
0,LHS-000787,,35626.032,128561.868,0.09520622666666667,51617.24618072362,23469.018540514084
0,LHS-000788,,35626.032,105649.398,0.01883132666666667,74726.60935205166,13563.711574529694
0,LHS-000785,,18600.192,77384.2005,0.0,213034.01223721998,3521.8895799638053
0,LHS-000786,,63350.352,86017.878,0.0,134219.26477045528,8909.708456275333
0,LHS-000783,,18534.672000000002,102285.10800000001,0.007617026666666691,93426.83853668612,16364.766948179498
0,LHS-000784,,68386.03199999999,114910.083,0.04970027666666666,65208.92224010223,42814.755223144995
0,LHS-000769,,18815.472,65926.368,0.0,117861.58354598473,30680.933701117498
0,LHS-000501,,33473.232,96862.698,0.0,73535.44444122417,21681.678288209194
0,LHS-000502,,52436.592,122459.958,0.07486652666666667,65264.26754756111,38944.22133355
0,LHS-000503,,84981.31199999999,199362.5055,0.3312083516666667,35768.46638359055,78063.89664701554
0,LHS-000770,,48411.791999999994,91440.288,0.0,71928.34188379055,48692.08168584055
0,LHS-000504,,84981.31199999999,199362.5055,0.3312083516666667,56152.56895243305,91438.6235556975
0,LHS-000771,,69247.152,116358.04800000001,0.0545268266666667,76963.44538002723,18946.604247399777
0,LHS-000500,,93227.472,176977.908,0.25659302666666667,109769.63886766195,35219.08144128139
0,LHS-000776,,18815.472,65926.368,0.0,117939.54945814889,8869.724415103889
0,LHS-000777,,18815.472,65926.368,0.0,233282.53908106056,8398.353541874
0,LHS-000778,,33473.232,76501.728,0.0,115040.55698618416,15603.995511781917
0,LHS-000779,,18534.672000000002,102285.10800000001,0.007617026666666691,196381.39131625305,10993.956973343193
0,LHS-000772,,101576.59199999999,193338.73799999998,0.3111291266666666,35111.34450795416,61380.393120858054
0,LHS-000773,,18600.192,65124.243,0.0,96784.43066957446,8362.746460545834
0,LHS-000774,,93227.472,156616.938,0.18872312666666666,70985.35322187278,34826.00197896861
0,LHS-000775,,93227.472,156616.938,0.18872312666666666,16896.454056335555,82588.74644562278
0,LHS-000759,,84981.31199999999,166384.368,0.22128122666666664,63327.22871820417,31837.33625519167
0,LHS-000758,,93227.472,136255.968,0.12085322666666665,183874.088704375,17386.198212227
0,LHS-000760,,102868.272,218716.57799999998,0.3957219266666666,68321.07977733,48589.993462399165
0,LHS-000763,,48411.791999999994,111801.258,0.03933752666666667,49535.38500534833,86972.6520645275
0,LHS-000764,,86057.712,201906.01799999998,0.3396867266666666,128230.64316928331,36065.294631856945
0,LHS-000761,,102868.272,195804.10799999998,0.3193470266666666,94908.87062330222,46578.197371772505
0,LHS-000762,,51790.75199999999,87955.713,0.0,82558.1372659536,12851.963035237084
0,LHS-000767,,18534.672000000002,81924.138,0.0,253619.8129492436,5130.377625727195
0,LHS-000768,,63350.352,86017.878,0.0,36564.56559902305,88883.06553779445
0,LHS-000765,,35626.032,151474.338,0.17158112666666664,126375.95619637666,49603.71977682778
0,LHS-000766,,78288.912,162039.348,0.20679782666666666,118858.21208590834,56843.28226673861
0,LHS-000748,,52436.592,145372.428,0.1512414266666667,58889.124986427785,49087.266183264444
0,LHS-000747,,18600.192,87743.2905,0.0,20389.95736977481,53624.100866305
0,LHS-000749,,51790.75199999999,133193.808,0.11064602666666663,86214.07118346583,19392.75220348478
0,LHS-000750,,93227.472,156616.938,0.18872312666666666,36724.82040475111,66373.25444967834
0,LHS-000751,,18600.192,87743.2905,0.0,56015.019886361115,30886.086607851666
0,LHS-000752,,84981.31199999999,143765.3205,0.14588440166666666,65137.81401397528,34190.49938506972
0,LHS-000753,,63350.352,147100.788,0.15700262666666667,19481.86943651717,51805.05615396833
0,LHS-000754,,69247.152,116358.04800000001,0.0545268266666667,18076.333446242472,36120.96371263722
0,LHS-000755,,52436.592,122459.958,0.07486652666666667,104252.46641377333,14295.059062570168
0,LHS-000756,,69247.152,139270.518,0.1309017266666667,36837.72591316972,43529.31681047917
0,LHS-000757,,52436.592,99547.488,0.0,11923.167988089888,47356.77783833139
0,LHS-000198,,86057.712,133168.608,0.11056202666666669,90945.326352965,16628.833364084418
0,LHS-000199,,78288.912,141678.378,0.13892792666666665,40581.68177908805,79041.97842271805
0,LHS-000196,,18600.192,100003.248,1.0826666666689561E-5,119551.33693670834,10134.324844028055
0,LHS-000197,,35195.472,116598.528,0.05532842666666669,198656.9808748889,9346.132346220333
0,LHS-000194,,18534.672000000002,81924.138,0.0,76733.4310855875,65749.01861051861
0,LHS-000195,,35626.032,105649.398,0.01883132666666667,121613.73785800557,19532.72482819772
0,LHS-000192,,86057.712,178993.54799999998,0.2633118266666666,51070.45836935555,47822.10248535555
0,LHS-000193,,35626.032,128561.868,0.09520622666666667,60053.90137748861,27270.129140186666
0,LHS-000191,,63350.352,106378.848,0.02126282666666666,147526.8769885261,28764.133800133888
0,LHS-000190,,18600.192,100003.248,1.0826666666689561E-5,53818.37052061889,43399.31923863805
0,LHS-000990,,63350.352,106378.848,0.02126282666666666,56044.110017402774,37974.35980959
0,LHS-000991,,78288.912,162039.348,0.20679782666666666,69352.36943544139,26099.476086466915
0,LHS-000992,,48411.791999999994,132162.228,0.10720742666666667,172520.50075273053,22200.499862105862
0,LHS-000993,,68386.03199999999,172408.13549999997,0.2413604516666666,46915.53579607889,60701.73779530445
0,LHS-000994,,68386.03199999999,149789.088,0.16596362666666664,66829.86200241056,30039.41268097417
0,LHS-000995,,86057.712,178993.54799999998,0.2633118266666666,102954.47676335278,40395.406662840825
0,LHS-000996,,48411.791999999994,111801.258,0.03933752666666667,32861.54738597889,50474.78957580972
0,LHS-000997,,68386.03199999999,114910.083,0.04970027666666666,115535.7193504475,12044.759633088861
0,LHS-000998,,33473.232,56140.758,0.0,42009.77980786444,25207.686653417946
0,LHS-000999,,48411.791999999994,132162.228,0.10720742666666667,77452.8666903339,63763.81114113333
0,LHS-000795,,93227.472,136255.968,0.12085322666666665,125444.54317231695,27476.894848174998
0,LHS-000989,,18815.472,134663.778,0.11554592666666663,4454.144697097222,81753.85785389389
0,LHS-000794,,68386.03199999999,172408.13549999997,0.2413604516666666,2487.8019798929217,109782.58500542915
0,LHS-000797,,18534.672000000002,102285.10800000001,0.007617026666666691,107790.5789426475,9758.432100159389
0,LHS-000796,,101576.59199999999,148100.643,0.1603354766666667,190015.4626613272,30928.06766755139
0,LHS-000799,,48411.791999999994,111801.258,0.03933752666666667,118353.88297142388,24466.646659952974
0,LHS-000798,,84981.31199999999,189003.41549999997,0.29667805166666655,75158.19002893251,58219.752727747225
0,LHS-000791,,101576.59199999999,182979.648,0.27659882666666663,8152.53776581111,156942.46104767334
0,LHS-000790,,69247.152,185095.45799999998,0.2836515266666666,83670.75292152916,36477.751571055276
0,LHS-000793,,35195.472,71360.433,0.0,48791.06443893806,12371.250097084472
0,LHS-000792,,18600.192,132981.3855,0.10993795166666669,127123.2885085714,20404.48717110775
0,LHS-000380,,18534.672000000002,41202.198000000004,0.0,61557.65564095278,59145.06069905639
0,LHS-000382,,18815.472,65926.368,0.0,23462.238399440725,50771.290621054715
0,LHS-000381,,48411.791999999994,91440.288,0.0,43424.725155639724,71203.54127680027
0,LHS-000384,,51790.75199999999,143552.89800000002,0.14517632666666672,53015.393017410825,54382.77289675278
0,LHS-000383,,63350.352,86017.878,0.0,66911.51910299805,33046.90465840945
0,LHS-000386,,68386.03199999999,137529.1305,0.12509710166666665,95187.3513363036,31861.65505931639
0,LHS-000385,,84981.31199999999,143765.3205,0.14588440166666666,32086.61330581889,46368.15788535139
0,LHS-000388,,35195.472,139217.5755,0.13072525166666668,109541.08409312082,22423.86881966714
0,LHS-000387,,18600.192,77384.2005,0.0,148937.97316039444,6204.836216453333
0,LHS-000389,,84981.31199999999,189003.41549999997,0.29667805166666655,94277.1834945614,59378.35423763584
0,LHS-000371,,84981.31199999999,131505.363,0.1050178766666667,27403.39837467381,42870.07302265027
0,LHS-000370,,84981.31199999999,143765.3205,0.14588440166666666,40389.11678785528,35793.17803145611
0,LHS-000375,,78288.912,121317.40800000001,0.0710580266666667,109417.2790618736,13356.899040767777
0,LHS-000374,,63350.352,86017.878,0.0,91730.2878534711,51032.15626936695
0,LHS-000373,,51790.75199999999,133193.808,0.11064602666666663,14828.449417160138,57094.073519956386
0,LHS-000372,,63350.352,126739.818,0.08913272666666666,36453.82314295416,35526.655748629724
0,LHS-000379,,18600.192,87743.2905,0.0,85585.48808133502,12621.48196991586
0,LHS-000378,,102868.272,149979.16799999998,0.1665972266666666,32490.68775242583,48155.8700813275
0,LHS-000377,,18600.192,77384.2005,0.0,126597.98392080527,11094.710388509387
0,LHS-000376,,35195.472,104338.5705,0.014461901666666672,125584.43817076556,43904.52781729945
0,LHS-000362,,51790.75199999999,143552.89800000002,0.14517632666666672,41520.12720670056,24381.564907644468
0,LHS-000106,,18600.192,122622.29550000001,0.07540765166666669,212584.6471601214,15039.952427476668
0,LHS-000361,,18600.192,87743.2905,0.0,151223.56630020947,22573.870435082474
0,LHS-000105,,18600.192,87743.2905,0.0,55745.835433049724,19540.948301251166
0,LHS-000364,,18815.472,88838.838,0.0,81248.10489359389,10941.413528648694
0,LHS-000108,,52436.592,122459.958,0.07486652666666667,94700.4536668925,18834.780956497445
0,LHS-000363,,18600.192,100003.248,1.0826666666689561E-5,59301.95885391417,18557.718618613526
0,LHS-000107,,101576.59199999999,182979.648,0.27659882666666663,14396.98800345189,49936.63232001861
0,LHS-000102,,69247.152,162182.98799999998,0.2072766266666666,63123.53269697583,88182.6709581561
0,LHS-000101,,78288.912,100956.43800000001,0.0031881266666666974,46159.46616590944,37931.82247307861
0,LHS-000360,,18534.672000000002,81924.138,0.0,122136.10404331944,6328.331068745639
0,LHS-000104,,18600.192,54765.153000000006,0.0,174878.7724089214,7793.804490584611
0,LHS-000103,,18815.472,111751.308,0.039171026666666685,163474.35362554944,8537.43231029939
0,LHS-000369,,102868.272,195804.10799999998,0.3193470266666666,20222.713832808695,70653.62425683695
0,LHS-000100,,68386.03199999999,172408.13549999997,0.2413604516666666,144972.53049706528,18482.540629632447
0,LHS-000366,,69247.152,162182.98799999998,0.2072766266666666,29651.66958813167,58870.650447094165
0,LHS-000365,,35195.472,149576.66549999997,0.16525555166666658,61179.94330998917,61647.66071118889
0,LHS-000368,,51790.75199999999,110574.7605,0.03524920166666668,28175.488973730833,65785.79216668416
0,LHS-000367,,68386.03199999999,127170.0405,0.09056680166666668,96344.99801013002,22441.33089774186
0,LHS-000353,,86057.712,201906.01799999998,0.3396867266666666,4046.4176259255273,128285.56098664056
0,LHS-000352,,102868.272,195804.10799999998,0.3193470266666666,39702.96077007111,94599.32980564972
0,LHS-000351,,35195.472,139217.5755,0.13072525166666668,5633.42348597025,122195.05511796918
0,LHS-000350,,93227.472,156616.938,0.18872312666666666,39831.05662185584,39812.51806100584
0,LHS-000359,,63350.352,126739.818,0.08913272666666666,48035.82059967139,31195.633262934443
0,LHS-000358,,48411.791999999994,71079.318,0.0,156263.18933548612,5102.934072814723
0,LHS-000357,,18600.192,100003.248,1.0826666666689561E-5,103989.17315962278,50098.021684559164
0,LHS-000356,,84981.31199999999,154124.4105,0.18041470166666665,157810.68777245306,30301.366555190278
0,LHS-000355,,69247.152,162182.98799999998,0.2072766266666666,34526.337700092496,34187.286724482496
0,LHS-000354,,68386.03199999999,137529.1305,0.12509710166666665,51514.74180769944,46768.27641513
0,LHS-000398,,86057.712,178993.54799999998,0.2633118266666666,75490.45551738501,32478.378356962774
0,LHS-000399,,84981.31199999999,199362.5055,0.3312083516666667,37954.13711481555,92234.77400003666
0,LHS-000396,,102868.272,149979.16799999998,0.1665972266666666,83883.63701408666,29032.35164664778
0,LHS-000397,,63350.352,147100.788,0.15700262666666667,52727.489378618055,91451.85342185751
0,LHS-000394,,86057.712,201906.01799999998,0.3396867266666666,8151.267903657638,91670.60451295278
0,LHS-000395,,102868.272,172891.63799999998,0.2429721266666666,77167.18344779471,33664.31529899944
0,LHS-000392,,52436.592,99547.488,0.0,86712.47326042528,20296.78458255414
0,LHS-000393,,68386.03199999999,127170.0405,0.09056680166666668,105321.63208011,33518.020971652775
0,LHS-000390,,18600.192,87743.2905,0.0,30144.18815213889,33937.3214002
0,LHS-000391,,69247.152,139270.518,0.1309017266666667,32681.855371213613,66747.47535423472
0,LHS-000595,,84981.31199999999,154124.4105,0.18041470166666665,153510.72324933222,30888.95493863528
0,LHS-000594,,68386.03199999999,127170.0405,0.09056680166666668,27382.310971146446,63157.53261459584
0,LHS-000593,,52436.592,99547.488,0.0,132492.69685312916,7758.581012854556
0,LHS-000592,,102868.272,195804.10799999998,0.3193470266666666,27741.656752225997,48560.56384219528
0,LHS-000591,,51790.75199999999,143552.89800000002,0.14517632666666672,93094.62648291,33116.33165721389
0,LHS-000590,,86057.712,201906.01799999998,0.3396867266666666,5417.751385073222,134307.4040598497
0,LHS-000599,,69247.152,139270.518,0.1309017266666667,117935.47971241,35998.87177037361
0,LHS-000598,,51790.75199999999,87955.713,0.0,96063.46774597555,9475.998789407084
0,LHS-000597,,52436.592,122459.958,0.07486652666666667,34177.35769226944,37198.85787562778
0,LHS-000596,,35195.472,139217.5755,0.13072525166666668,139747.50725488612,14971.549596686917
0,LHS-000013,,102868.272,195804.10799999998,0.3193470266666666,103504.85161099861,43153.317218902775
0,LHS-000014,,18600.192,65124.243,0.0,171129.71862270805,6057.710874196111
0,LHS-000015,,18600.192,77384.2005,0.0,235136.08134048776,12100.129269955194
0,LHS-000016,,69247.152,139270.518,0.1309017266666667,35197.08890609333,37798.271252508894
0,LHS-000017,,78288.912,121317.40800000001,0.0710580266666667,45456.55771351583,29936.69492264361
0,LHS-000018,,69247.152,162182.98799999998,0.2072766266666666,61887.37276210694,22201.43640243703
0,LHS-000670,,101576.59199999999,182979.648,0.27659882666666663,34673.9585314725,55429.061218088056
0,LHS-000800,,35195.472,116598.528,0.05532842666666669,65663.75241504889,67012.61757431972
0,LHS-000019,,18534.672000000002,61563.168000000005,0.0,30052.98953753778,20965.30572937972
0,LHS-000671,,52436.592,145372.428,0.1512414266666667,115323.09903347,54657.05605489945
0,LHS-000801,,51790.75199999999,166171.94549999997,0.22057315166666658,164669.98995355892,16669.726639463363
0,LHS-000672,,68386.03199999999,104550.993,0.015169976666666673,33051.290078444996,51335.48498333
0,LHS-000673,,68386.03199999999,114910.083,0.04970027666666666,98172.99714135195,26590.664113314557
0,LHS-000674,,63350.352,106378.848,0.02126282666666666,99907.2980120475,9305.227716672805
0,LHS-000675,,93227.472,156616.938,0.18872312666666666,102715.94392237805,27927.265822906385
0,LHS-000676,,68386.03199999999,160148.17799999999,0.20049392666666663,43874.711438636106,61257.478700509455
0,LHS-000677,,18600.192,87743.2905,0.0,166219.37603901696,20355.37417687614
0,LHS-000010,,33473.232,76501.728,0.0,122836.91105368195,15586.656949393917
0,LHS-000678,,84981.31199999999,199362.5055,0.3312083516666667,21718.439867340247,57360.615243933615
0,LHS-000011,,51790.75199999999,133193.808,0.11064602666666663,20735.197089768473,63858.147309781394
0,LHS-000679,,63350.352,106378.848,0.02126282666666666,81141.62663330472,33381.58724401417
0,LHS-000290,,18600.192,54765.153000000006,0.0,16649.107652524694,90206.55165123695
0,LHS-000012,,48411.791999999994,91440.288,0.0,61818.267868297226,23522.656246748335
0,LHS-000292,,93227.472,115894.998,0.05298332666666669,81509.06710535806,35454.03377696306
0,LHS-000291,,18600.192,122622.29550000001,0.07540765166666669,57595.19675920472,20177.140791234728
0,LHS-000294,,93227.472,156616.938,0.18872312666666666,28136.955032011945,38117.32692755917
0,LHS-000293,,35195.472,81719.523,0.0,116113.775845275,10057.700996789445
0,LHS-000296,,63350.352,106378.848,0.02126282666666666,38038.98369520583,49039.661380396115
0,LHS-000295,,35626.032,151474.338,0.17158112666666664,86048.05605501389,36762.95748656222
0,LHS-000298,,86057.712,156081.07799999998,0.1869369266666666,34620.93118023778,90624.89570111055
0,LHS-000297,,69247.152,162182.98799999998,0.2072766266666666,37638.62971843111,63740.84194558667
0,LHS-000299,,101576.59199999999,148100.643,0.1603354766666667,47405.02132486612,36979.865202263056
0,LHS-000026,,35195.472,71360.433,0.0,195008.5095352078,4054.574519962917
0,LHS-000027,,93227.472,115894.998,0.05298332666666669,91184.07295882111,26772.34117563286
0,LHS-000024,,35195.472,116598.528,0.05532842666666669,81576.97703303362,27321.792316493
0,LHS-000025,,35195.472,104338.5705,0.014461901666666672,17696.63274618161,45316.25360742833
0,LHS-000682,,18534.672000000002,102285.10800000001,0.007617026666666691,170821.64754192112,13499.627815942027
0,LHS-000683,,102868.272,149979.16799999998,0.1665972266666666,161577.2984379325,21683.782170667
0,LHS-000028,,93227.472,115894.998,0.05298332666666669,117730.87798260082,21721.45821714278
0,LHS-000680,,84981.31199999999,121146.273,0.07048757666666668,89609.07538310807,18452.294117979334
0,LHS-000029,,51790.75199999999,120933.8505,0.06977950166666667,21142.843864257364,33675.43567711111
0,LHS-000681,,69247.152,139270.518,0.1309017266666667,48467.868962791115,49017.39844314389
0,LHS-000686,,18815.472,134663.778,0.11554592666666663,22887.723483898415,49835.17482647055
0,LHS-000687,,69247.152,116358.04800000001,0.0545268266666667,128640.96433074861,9408.408904521306
0,LHS-000684,,102868.272,172891.63799999998,0.2429721266666666,24246.84826354025,66975.57775333972
0,LHS-000685,,33473.232,56140.758,0.0,191927.5445926161,8877.950250038417
0,LHS-000022,,18600.192,87743.2905,0.0,60621.99493628639,11192.161580585944
0,LHS-000023,,69247.152,116358.04800000001,0.0545268266666667,140617.15178602084,8507.52544070236
0,LHS-000020,,101576.59199999999,193338.73799999998,0.3111291266666666,88721.28914489056,29845.43797572722
0,LHS-000688,,51790.75199999999,120933.8505,0.06977950166666667,59738.75008599556,34413.69828252861
0,LHS-000021,,69247.152,185095.45799999998,0.2836515266666666,48075.64084952834,42335.02788632639
0,LHS-000689,,48411.791999999994,91440.288,0.0,131435.3131733422,11608.203131220249
0,LHS-000401,,35195.472,71360.433,0.0,110406.96025948835,8432.290557762444
0,LHS-000400,,101576.59199999999,182979.648,0.27659882666666663,55937.03626102944,87591.22429528416
0,LHS-000405,,52436.592,145372.428,0.1512414266666667,34019.76087270861,65755.1466317125
0,LHS-000404,,35626.032,82736.928,0.0,72603.17371411306,21532.238831068305
0,LHS-000403,,86057.712,156081.07799999998,0.1869369266666666,77113.6879508875,38582.939558971666
0,LHS-000402,,35195.472,81719.523,0.0,113208.36648291168,19706.959372521498
0,LHS-000820,,101576.59199999999,215957.7855,0.38652595166666665,24665.32025366378,76113.81828798527
0,LHS-000691,,33473.232,56140.758,0.0,187798.73911539695,3271.154532512583
0,LHS-000821,,18600.192,100003.248,1.0826666666689561E-5,46087.88649603611,30125.20413774583
0,LHS-000692,,18534.672000000002,81924.138,0.0,81535.2974937425,31957.464269806114
0,LHS-000822,,18815.472,111751.308,0.039171026666666685,41654.25454199472,32574.096043343332
0,LHS-000693,,84981.31199999999,154124.4105,0.18041470166666665,62273.18414878805,19976.302758367252
0,LHS-000823,,18600.192,100003.248,1.0826666666689561E-5,83350.76910734641,20450.103355607585
0,LHS-000694,,68386.03199999999,137529.1305,0.12509710166666665,53131.41739318528,22419.314721178445
0,LHS-000690,,35626.032,105649.398,0.01883132666666667,102398.01806329361,12287.671389120167
0,LHS-000699,,84981.31199999999,166384.368,0.22128122666666664,21506.225600480528,48324.667610367775
0,LHS-000406,,18600.192,87743.2905,0.0,160199.6225032886,6494.3109655135
0,LHS-000695,,102868.272,218716.57799999998,0.3957219266666666,79544.13061604362,59798.5980067775
0,LHS-000407,,52436.592,122459.958,0.07486652666666667,101920.85379785862,41087.583156241104
0,LHS-000696,,86057.712,156081.07799999998,0.1869369266666666,3326.5917117875283,86114.65695914612
0,LHS-000408,,102868.272,195804.10799999998,0.3193470266666666,64281.68308968084,55866.12295915695
0,LHS-000697,,101576.59199999999,148100.643,0.1603354766666667,80589.42445573222,28942.272642594442
0,LHS-000409,,51790.75199999999,133193.808,0.11064602666666663,64699.18775810361,49917.04151872472
0,LHS-000698,,84981.31199999999,199362.5055,0.3312083516666667,76143.734691535,59080.08638392111
0,LHS-000274,,86057.712,156081.07799999998,0.1869369266666666,11975.93119604814,47364.00353156444
0,LHS-000414,,18534.672000000002,102285.10800000001,0.007617026666666691,112903.51751702612,13266.928270663278
0,LHS-000273,,68386.03199999999,127170.0405,0.09056680166666668,94366.57528586556,15306.891465794582
0,LHS-000413,,101576.59199999999,160360.6005,0.20120200166666666,31114.608195326946,90331.54876831446
0,LHS-000276,,68386.03199999999,127170.0405,0.09056680166666668,68784.79208204862,19855.195914451917
0,LHS-000416,,86057.712,133168.608,0.11056202666666669,50333.78299248806,32141.532914280557
0,LHS-000275,,18534.672000000002,61563.168000000005,0.0,94154.44211009168,10662.157302686222
0,LHS-000415,,48411.791999999994,91440.288,0.0,135204.3529988275,14539.797720237528
0,LHS-000270,,84981.31199999999,131505.363,0.1050178766666667,4567.136586540028,93529.06234317918
0,LHS-000410,,101576.59199999999,205598.69549999997,0.3519956516666666,50068.23071658389,43220.401983565556
0,LHS-000272,,48411.791999999994,91440.288,0.0,33223.362944558336,33954.16413814056
0,LHS-000412,,35626.032,128561.868,0.09520622666666667,134761.98357287055,14398.843047475028
0,LHS-000271,,101576.59199999999,193338.73799999998,0.3111291266666666,9301.651755984443,106162.76030397834
0,LHS-000411,,35195.472,81719.523,0.0,135844.1189353889,5211.668323513083
0,LHS-000818,,84981.31199999999,199362.5055,0.3312083516666667,87384.48541072695,62406.82641320527
0,LHS-000817,,35195.472,93979.4805,0.0,64070.90180722695,34787.33241265722
0,LHS-000819,,33473.232,76501.728,0.0,127878.50073181638,17827.166933505057
0,LHS-000814,,84981.31199999999,143765.3205,0.14588440166666666,80057.79338578305,22021.181081363113
0,LHS-000278,,102868.272,195804.10799999998,0.3193470266666666,141702.1597446453,18076.76448647853
0,LHS-000813,,84981.31199999999,143765.3205,0.14588440166666666,58985.92224570445,28693.785285861944
0,LHS-000277,,93227.472,115894.998,0.05298332666666669,32625.639803705,59221.438796956674
0,LHS-000816,,35195.472,104338.5705,0.014461901666666672,145564.25548449418,8598.978047700306
0,LHS-000815,,84981.31199999999,121146.273,0.07048757666666668,54036.965817341115,26670.398746602168
0,LHS-000279,,18815.472,65926.368,0.0,121729.712437975,7111.863245998251
0,LHS-000811,,101576.59199999999,160360.6005,0.20120200166666666,9480.218969909056,154948.60838393695
0,LHS-000008,,35195.472,139217.5755,0.13072525166666668,27820.188660891945,30363.844156429444
0,LHS-000812,,18600.192,77384.2005,0.0,137304.63709271527,28704.57780821694
0,LHS-000009,,78288.912,141678.378,0.13892792666666665,57475.62133103639,90099.27761852945
0,LHS-000006,,51790.75199999999,155812.85549999998,0.1860428516666666,3510.423350639139,179340.62323056915
0,LHS-000810,,68386.03199999999,160148.17799999999,0.20049392666666663,31983.844662492775,85519.31712621693
0,LHS-000007,,101576.59199999999,137741.553,0.1258051766666667,11092.078786143862,54391.30825747833
0,LHS-000004,,68386.03199999999,172408.13549999997,0.2413604516666666,23151.304346963832,79004.42449211417
0,LHS-000005,,86057.712,156081.07799999998,0.1869369266666666,105580.87593674721,33454.257597973614
0,LHS-000002,,51790.75199999999,98314.803,0.0,151114.4322159975,24127.10998008911
0,LHS-000003,,35195.472,81719.523,0.0,133063.0514662203,9921.746361160138
0,LHS-000000,,86057.712,178993.54799999998,0.2633118266666666,26413.857920855862,73213.37739833722
0,LHS-000001,,18815.472,111751.308,0.039171026666666685,19720.230009174247,125084.46535720499
0,LHS-000419,,52436.592,145372.428,0.1512414266666667,150460.34184786695,20541.299992948443
0,LHS-000417,,68386.03199999999,104550.993,0.015169976666666673,58449.134720586386,49814.948057231944
0,LHS-000418,,78288.912,100956.43800000001,0.0031881266666666974,70036.0491062125,11518.853341334112
0,LHS-000287,,48411.791999999994,132162.228,0.10720742666666667,57579.00682206223,51700.41094639722
0,LHS-000427,,86057.712,201906.01799999998,0.3396867266666666,56361.20895906194,45362.89136442639
0,LHS-000286,,86057.712,133168.608,0.11056202666666669,101319.23159021944,20038.03611586508
0,LHS-000426,,18815.472,65926.368,0.0,77908.44846155778,23332.40532709497
0,LHS-000285,,101576.59199999999,182979.648,0.27659882666666663,19494.802658969194,132814.34276046834
0,LHS-000425,,78288.912,141678.378,0.13892792666666665,45831.769408658336,48849.18191930861
0,LHS-000284,,69247.152,139270.518,0.1309017266666667,91588.37196585334,24601.77485230225
0,LHS-000424,,35195.472,104338.5705,0.014461901666666672,229655.39496642,11871.142339372276
0,LHS-000283,,68386.03199999999,160148.17799999999,0.20049392666666663,115703.74637453111,20620.42070004875
0,LHS-000423,,101576.59199999999,160360.6005,0.20120200166666666,84761.9105498489,80369.32256054973
0,LHS-000282,,84981.31199999999,121146.273,0.07048757666666668,23885.057772947333,97136.47829586556
0,LHS-000422,,35195.472,93979.4805,0.0,172194.8800677178,21647.38951615592
0,LHS-000281,,18600.192,77384.2005,0.0,112693.05565333195,23103.867960238138
0,LHS-000421,,18600.192,110362.338,0.03454112666666668,31973.14387552833,40631.216459694166
0,LHS-000280,,63350.352,106378.848,0.02126282666666666,107631.33809442694,19405.69531287072
0,LHS-000420,,18600.192,87743.2905,0.0,63867.66112372861,17202.06288151261
0,LHS-000809,,18815.472,65926.368,0.0,201559.6464156789,4380.349788446751
0,LHS-000808,,86057.712,156081.07799999998,0.1869369266666666,10076.428718680972,61471.25362492111
0,LHS-000807,,35195.472,104338.5705,0.014461901666666672,166465.33681837498,10171.182175243472
0,LHS-000806,,101576.59199999999,160360.6005,0.20120200166666666,117743.58355666028,22949.937088030914
0,LHS-000805,,68386.03199999999,182767.2255,0.27589075166666666,24154.428104648723,99526.61340380696
0,LHS-000804,,101576.59199999999,193338.73799999998,0.3111291266666666,39128.02107327279,96045.95042766666
0,LHS-000803,,68386.03199999999,137529.1305,0.12509710166666665,53572.65576606,36673.02953043222
0,LHS-000289,,35195.472,71360.433,0.0,148974.8401441339,13320.094584111614
0,LHS-000802,,35626.032,128561.868,0.09520622666666667,7128.858476541166,58168.73432450445
0,LHS-000288,,52436.592,145372.428,0.1512414266666667,8033.466808463832,80399.00256535444
0,LHS-000050,,93227.472,176977.908,0.25659302666666667,67333.57580614917,47665.80973109195
0,LHS-000429,,35195.472,71360.433,0.0,91962.55817375195,8117.503568744778
0,LHS-000630,,51790.75199999999,98314.803,0.0,47981.973025135,34070.413029716394
0,LHS-000428,,102868.272,149979.16799999998,0.1665972266666666,114020.17931191751,27163.455019111527
0,LHS-000052,,68386.03199999999,172408.13549999997,0.2413604516666666,26222.86739997111,111362.66371654166
0,LHS-000632,,68386.03199999999,182767.2255,0.27589075166666666,12330.374012043749,66141.9070666439
0,LHS-000051,,18534.672000000002,41202.198000000004,0.0,114380.06046554583,9579.463966489666
0,LHS-000631,,33473.232,76501.728,0.0,235733.7604010761,6752.897243422667
0,LHS-000054,,68386.03199999999,149789.088,0.16596362666666664,29213.844560132504,48167.793479214444
0,LHS-000634,,35195.472,93979.4805,0.0,31881.960256923056,69692.95460369861
0,LHS-000053,,33473.232,76501.728,0.0,213235.79776580443,9583.958524989
0,LHS-000633,,51790.75199999999,155812.85549999998,0.1860428516666666,118114.41154174833,16409.743750566362
0,LHS-000056,,102868.272,195804.10799999998,0.3193470266666666,37621.406140541665,54995.485616844446
0,LHS-000636,,101576.59199999999,160360.6005,0.20120200166666666,29847.633827663332,86539.56692166583
0,LHS-000055,,35195.472,71360.433,0.0,154708.94038234084,16351.026338684722
0,LHS-000635,,101576.59199999999,205598.69549999997,0.3519956516666666,58897.773924019726,71345.42019987083
0,LHS-000058,,78288.912,141678.378,0.13892792666666665,27441.113274793195,58656.515068661385
0,LHS-000057,,51790.75199999999,155812.85549999998,0.1860428516666666,116748.74977066055,31894.23402832278
0,LHS-000841,,35195.472,93979.4805,0.0,43316.37302838278,14666.363434327444
0,LHS-000840,,63350.352,147100.788,0.15700262666666667,157745.37791247224,20327.51143808111
0,LHS-000059,,51790.75199999999,133193.808,0.11064602666666663,103154.76774075,32431.301722808053
0,LHS-000843,,68386.03199999999,127170.0405,0.09056680166666668,134629.83584999805,20036.830257846002
0,LHS-000842,,101576.59199999999,215957.7855,0.38652595166666665,86730.1117857725,37718.19035964111
0,LHS-000845,,101576.59199999999,215957.7855,0.38652595166666665,20854.827465691113,64978.275846437224
0,LHS-000844,,18600.192,132981.3855,0.10993795166666669,42061.02239554472,41771.63628773527
0,LHS-000835,,52436.592,168284.898,0.22761632666666662,40831.17230611389,48560.91759731917
0,LHS-000255,,84981.31199999999,199362.5055,0.3312083516666667,3756.995222044083,109004.39726977001
0,LHS-000836,,84981.31199999999,199362.5055,0.3312083516666667,46713.44504405112,43382.83871944055
0,LHS-000256,,35195.472,116598.528,0.05532842666666669,161415.04058347223,12358.969105962415
0,LHS-000837,,51790.75199999999,143552.89800000002,0.14517632666666672,18375.96735321614,84494.80863046389
0,LHS-000257,,35195.472,104338.5705,0.014461901666666672,86623.48091560943,33782.836945075556
0,LHS-000838,,101576.59199999999,160360.6005,0.20120200166666666,60417.76305207389,70171.80355264334
0,LHS-000258,,35195.472,71360.433,0.0,125625.43773398778,18329.19244271925
0,LHS-000839,,68386.03199999999,104550.993,0.015169976666666673,42130.504698951394,19962.56915391742
0,LHS-000259,,51790.75199999999,133193.808,0.11064602666666663,55726.638209065284,46325.74539272333
0,LHS-000430,,84981.31199999999,199362.5055,0.3312083516666667,59065.77653547028,58634.2317092225
0,LHS-000431,,35195.472,71360.433,0.0,148570.8512060097,12727.479185179474
0,LHS-000626,,63350.352,147100.788,0.15700262666666667,32764.242868469722,98210.88733528304
0,LHS-000432,,33473.232,96862.698,0.0,86833.83190439362,9702.010895792695
0,LHS-000627,,84981.31199999999,143765.3205,0.14588440166666666,131541.36764491917,27171.790920964642
0,LHS-000433,,18600.192,110362.338,0.03454112666666668,58224.31646746417,59510.56537360889
0,LHS-000628,,78288.912,162039.348,0.20679782666666666,3463.1518922222776,190270.5960846722
0,LHS-000250,,35626.032,128561.868,0.09520622666666667,82392.63856007889,14060.202569193445
0,LHS-000434,,78288.912,121317.40800000001,0.0710580266666667,63505.28586509222,34962.8304042375
0,LHS-000629,,84981.31199999999,189003.41549999997,0.29667805166666655,42074.72645253389,52355.024548251946
0,LHS-000251,,51790.75199999999,143552.89800000002,0.14517632666666672,56524.976099542226,32954.64713204528
0,LHS-000435,,52436.592,145372.428,0.1512414266666667,45168.58563793222,95714.06043005639
0,LHS-000252,,18815.472,111751.308,0.039171026666666685,32465.036010680553,32920.29738304055
0,LHS-000436,,35195.472,104338.5705,0.014461901666666672,30405.96081607917,22671.555590703832
0,LHS-000253,,63350.352,126739.818,0.08913272666666666,63442.83593314278,18346.673285615805
0,LHS-000437,,84981.31199999999,166384.368,0.22128122666666664,69515.00045249666,34392.38942157861
0,LHS-000254,,69247.152,116358.04800000001,0.0545268266666667,61840.07426443389,62200.8444106475
0,LHS-000438,,51790.75199999999,133193.808,0.11064602666666663,103578.571204925,30339.641076274725
0,LHS-000063,,51790.75199999999,155812.85549999998,0.1860428516666666,48350.66490986278,50208.39023731917
0,LHS-000643,,48411.791999999994,132162.228,0.10720742666666667,31746.799906620276,54779.44636331028
0,LHS-000062,,18600.192,100003.248,1.0826666666689561E-5,51614.85903727805,86422.92567878749
0,LHS-000642,,18600.192,54765.153000000006,0.0,73858.34855515139,20651.362787898168
0,LHS-000061,,86057.712,201906.01799999998,0.3396867266666666,61169.23908033472,47550.58223102278
0,LHS-000641,,52436.592,168284.898,0.22761632666666662,16057.895852979638,67922.82346367583
0,LHS-000060,,68386.03199999999,160148.17799999999,0.20049392666666663,21928.908206431304,61820.753513175834
0,LHS-000439,,93227.472,156616.938,0.18872312666666666,139244.81861732138,30875.817461629726
0,LHS-000640,,51790.75199999999,143552.89800000002,0.14517632666666672,44768.480703905836,32777.36045946528
0,LHS-000067,,84981.31199999999,131505.363,0.1050178766666667,64811.116939698055,44377.97149024166
0,LHS-000647,,51790.75199999999,98314.803,0.0,270341.4580526128,10076.97739672036
0,LHS-000066,,18534.672000000002,61563.168000000005,0.0,72971.19024661722,26629.4224182975
0,LHS-000646,,35195.472,149576.66549999997,0.16525555166666658,130335.13040911387,30662.469088624446
0,LHS-000065,,51790.75199999999,110574.7605,0.03524920166666668,157026.43939931167,8689.529321015085
0,LHS-000645,,48411.791999999994,132162.228,0.10720742666666667,62948.64682585083,57642.16295923694
0,LHS-000064,,33473.232,76501.728,0.0,35473.701541338334,88602.76699836027
0,LHS-000644,,51790.75199999999,98314.803,0.0,112358.0467787464,29053.070750327777
0,LHS-000830,,84981.31199999999,143765.3205,0.14588440166666666,63839.44499279139,76911.47506652
0,LHS-000069,,68386.03199999999,149789.088,0.16596362666666664,68407.43277681917,27056.521189561696
0,LHS-000068,,93227.472,115894.998,0.05298332666666669,107108.77645907,52172.423332848055
0,LHS-000834,,33473.232,56140.758,0.0,40264.026105839446,10415.39193947439
0,LHS-000833,,51790.75199999999,155812.85549999998,0.1860428516666666,31098.085422459448,50065.49744305611
0,LHS-000832,,101576.59199999999,205598.69549999997,0.3519956516666666,18259.970133582916,59156.95690644666
0,LHS-000831,,18815.472,65926.368,0.0,102179.77207397444,13881.585110855722
0,LHS-000826,,35195.472,126957.618,0.08985872666666668,78545.57218367807,12801.587335250695
0,LHS-000268,,68386.03199999999,182767.2255,0.27589075166666666,71734.42426723028,61539.18414112777
0,LHS-000827,,52436.592,145372.428,0.1512414266666667,93653.35056181611,20267.795712098836
0,LHS-000269,,63350.352,126739.818,0.08913272666666666,44389.32046968333,22623.75956348186
0,LHS-000824,,101576.59199999999,170719.6905,0.23573230166666664,37173.80209960195,70747.57827231639
0,LHS-000266,,101576.59199999999,170719.6905,0.23573230166666664,33003.06082013834,43551.901736431115
0,LHS-000825,,48411.791999999994,132162.228,0.10720742666666667,12715.822197339083,111717.44563231694
0,LHS-000267,,18534.672000000002,61563.168000000005,0.0,53930.491355834725,57137.38012826528
0,LHS-000440,,84981.31199999999,143765.3205,0.14588440166666666,132492.6431908275,57073.44318055055
0,LHS-000441,,84981.31199999999,121146.273,0.07048757666666668,47908.01134137,15661.55639807489
0,LHS-000828,,35195.472,149576.66549999997,0.16525555166666658,67101.93505779194,17950.675093921975
0,LHS-000829,,101576.59199999999,137741.553,0.1258051766666667,81393.73242728111,16332.099997243751
0,LHS-000260,,86057.712,133168.608,0.11056202666666669,58305.03551438166,22411.42470023867
0,LHS-000444,,101576.59199999999,182979.648,0.27659882666666663,2651.673235795292,116622.66036796082
0,LHS-000639,,84981.31199999999,154124.4105,0.18041470166666665,38304.12396663889,78265.40250337138
0,LHS-000261,,35195.472,139217.5755,0.13072525166666668,66502.82503630721,27060.45934285772
0,LHS-000445,,48411.791999999994,111801.258,0.03933752666666667,66155.53488506333,24487.154668339164
0,LHS-000442,,48411.791999999994,111801.258,0.03933752666666667,99695.63098557248,22051.93759513742
0,LHS-000637,,68386.03199999999,160148.17799999999,0.20049392666666663,56324.8066517275,52743.41597267167
0,LHS-000443,,35195.472,126957.618,0.08985872666666668,43286.26294718556,24715.835276807167
0,LHS-000638,,52436.592,122459.958,0.07486652666666667,21004.831714604446,44799.22374432889
0,LHS-000264,,52436.592,145372.428,0.1512414266666667,62630.78222059722,24201.42250951775
0,LHS-000448,,101576.59199999999,215957.7855,0.38652595166666665,27384.473183592,56365.87131983333
0,LHS-000265,,63350.352,106378.848,0.02126282666666666,120875.47611484388,22102.472181576497
0,LHS-000449,,101576.59199999999,148100.643,0.1603354766666667,144139.2983214925,21878.01893650636
0,LHS-000262,,18534.672000000002,41202.198000000004,0.0,117544.95159310944,35920.0509284975
0,LHS-000446,,69247.152,162182.98799999998,0.2072766266666666,124026.02634637222,32627.2626181025
0,LHS-000263,,63350.352,86017.878,0.0,164457.39093720054,35757.068857121114
0,LHS-000447,,93227.472,156616.938,0.18872312666666666,36742.92535493222,39364.750207150835
0,LHS-000032,,52436.592,145372.428,0.1512414266666667,192530.2844736536,34998.96903637222
0,LHS-000656,,93227.472,156616.938,0.18872312666666666,15690.214079394362,127389.65858832776
0,LHS-000031,,18600.192,87743.2905,0.0,56893.14392786334,62990.20389324583
0,LHS-000655,,18600.192,132981.3855,0.10993795166666669,53659.25700354695,70843.98958676528
0,LHS-000034,,68386.03199999999,114910.083,0.04970027666666666,154907.8923727242,16612.371284551446
0,LHS-000658,,86057.712,178993.54799999998,0.2633118266666666,71839.20483206473,35682.449938446385
0,LHS-000033,,51790.75199999999,120933.8505,0.06977950166666667,24932.276876780168,43139.57652854945
0,LHS-000657,,101576.59199999999,182979.648,0.27659882666666663,84017.55334685667,42986.67484211417
0,LHS-000652,,51790.75199999999,166171.94549999997,0.22057315166666658,96631.40373995333,27736.992317449443
0,LHS-000651,,52436.592,122459.958,0.07486652666666667,124196.78718993222,43495.40373703083
0,LHS-000030,,101576.59199999999,205598.69549999997,0.3519956516666666,27494.627337715807,59453.8765434625
0,LHS-000654,,86057.712,156081.07799999998,0.1869369266666666,24752.66126597364,90232.07816710195
0,LHS-000653,,93227.472,136255.968,0.12085322666666665,35878.96858957639,35934.484384246665
0,LHS-000865,,48411.791999999994,132162.228,0.10720742666666667,39789.586410325835,48152.24682344972
0,LHS-000864,,51790.75199999999,87955.713,0.0,142223.99308800334,13270.527807019724
0,LHS-000039,,52436.592,168284.898,0.22761632666666662,64618.66779985861,66594.85957326445
0,LHS-000867,,84981.31199999999,189003.41549999997,0.29667805166666655,35877.530950096945,70449.6830959664
0,LHS-000650,,102868.272,172891.63799999998,0.2429721266666666,123950.08197205109,32300.067446784724
0,LHS-000866,,68386.03199999999,137529.1305,0.12509710166666665,80866.44842921472,57491.57877443889
0,LHS-000861,,63350.352,86017.878,0.0,49964.3754219275,40631.051594621946
0,LHS-000036,,93227.472,115894.998,0.05298332666666669,68877.37757630862,22152.641212729337
0,LHS-000035,,78288.912,162039.348,0.20679782666666666,10476.710069191167,61088.57249523751
0,LHS-000860,,84981.31199999999,176743.45799999998,0.2558115266666666,68644.63174719666,38436.821051861945
0,LHS-000038,,51790.75199999999,98314.803,0.0,154215.02239459168,17316.968221301475
0,LHS-000863,,35195.472,71360.433,0.0,208846.53480226584,4486.806350514389
0,LHS-000037,,102868.272,149979.16799999998,0.1665972266666666,54925.6000286325,35407.94660761194
0,LHS-000862,,102868.272,195804.10799999998,0.3193470266666666,28619.05664120111,56576.71950185055
0,LHS-000237,,52436.592,122459.958,0.07486652666666667,49740.491126090834,28656.628402704722
0,LHS-000450,,86057.712,201906.01799999998,0.3396867266666666,115293.93251808362,33323.11321646806
0,LHS-000238,,18600.192,65124.243,0.0,27199.68281497953,20127.230792997612
0,LHS-000451,,68386.03199999999,149789.088,0.16596362666666664,109634.16841492834,29474.082263421948
0,LHS-000239,,33473.232,56140.758,0.0,112297.23383181638,4009.841675716861
0,LHS-000452,,51790.75199999999,143552.89800000002,0.14517632666666672,121972.61481296888,19456.741567202695
0,LHS-000233,,69247.152,185095.45799999998,0.2836515266666666,84986.03363844917,31745.31233690361
0,LHS-000857,,18600.192,65124.243,0.0,113143.16900587945,6475.733332738334
0,LHS-000234,,84981.31199999999,154124.4105,0.18041470166666665,82469.5694831222,23924.273448120053
0,LHS-000858,,86057.712,201906.01799999998,0.3396867266666666,37445.170020886944,62858.31088163473
0,LHS-000235,,48411.791999999994,71079.318,0.0,181732.15387963608,2938.044732168528
0,LHS-000859,,63350.352,147100.788,0.15700262666666667,56958.44531807111,26481.83090191739
0,LHS-000236,,18534.672000000002,61563.168000000005,0.0,111815.13251877611,22017.36223755639
0,LHS-000457,,33473.232,96862.698,0.0,74559.87159636222,17389.846220157557
0,LHS-000458,,84981.31199999999,154124.4105,0.18041470166666665,21006.637347855805,69597.52554639083
0,LHS-000230,,18815.472,111751.308,0.039171026666666685,84940.1680688489,26794.29674625289
0,LHS-000459,,102868.272,172891.63799999998,0.2429721266666666,13183.975516568222,76710.84915905444
0,LHS-000231,,68386.03199999999,137529.1305,0.12509710166666665,132334.02617652252,23880.886969429914
0,LHS-000232,,93227.472,136255.968,0.12085322666666665,54185.99733850389,61618.37600560028
0,LHS-000648,,18815.472,88838.838,0.0,79150.12948385833,22908.575995970612
0,LHS-000453,,63350.352,86017.878,0.0,76016.84854412083,27239.042367049
0,LHS-000649,,35195.472,149576.66549999997,0.16525555166666658,168930.87367670887,12793.984283897862
0,LHS-000454,,35195.472,126957.618,0.08985872666666668,198418.66577281,8358.904859154029
0,LHS-000455,,84981.31199999999,121146.273,0.07048757666666668,96789.62653648779,29369.819051780833
0,LHS-000456,,33473.232,56140.758,0.0,91701.66525393583,8819.07939245686
0,LHS-000669,,18600.192,65124.243,0.0,41648.74470784305,27244.628004722723
0,LHS-000045,,33473.232,117223.668,0.057412226666666684,18836.18032640636,42430.54902829528
0,LHS-000668,,69247.152,139270.518,0.1309017266666667,54493.25760441917,32741.001551803056
0,LHS-000044,,35626.032,151474.338,0.17158112666666664,80390.94993889333,26348.934099026363
0,LHS-000667,,63350.352,126739.818,0.08913272666666666,52091.51328889417,58137.07933647333
0,LHS-000043,,86057.712,156081.07799999998,0.1869369266666666,112165.2439838886,19744.716895504414
0,LHS-000666,,35195.472,149576.66549999997,0.16525555166666658,91101.23714770473,49542.02477650028
0,LHS-000042,,35195.472,81719.523,0.0,60262.10105199695,37348.30587290583
0,LHS-000665,,93227.472,115894.998,0.05298332666666669,45108.81085342333,85380.19078458639
0,LHS-000041,,93227.472,176977.908,0.25659302666666667,11642.157509242415,83131.74420290695
0,LHS-000664,,35626.032,105649.398,0.01883132666666667,75408.34625016389,38860.08184331778
0,LHS-000040,,35195.472,116598.528,0.05532842666666669,120321.75925536083,13521.663382676554
0,LHS-000663,,68386.03199999999,182767.2255,0.27589075166666666,111668.26997789778,36089.578238758055
0,LHS-000662,,101576.59199999999,193338.73799999998,0.3111291266666666,185747.60627207332,28499.473193457503
0,LHS-000661,,51790.75199999999,87955.713,0.0,98766.41865160778,6717.471817487472
0,LHS-000856,,84981.31199999999,199362.5055,0.3312083516666667,39788.80024763639,34201.59914746472
0,LHS-000660,,52436.592,168284.898,0.22761632666666662,44146.81357195695,33365.695447335005
0,LHS-000855,,68386.03199999999,160148.17799999999,0.20049392666666663,102050.46493358722,27801.692812154724
0,LHS-000854,,84981.31199999999,176743.45799999998,0.2558115266666666,42591.71287580527,33029.09994098028
0,LHS-000853,,48411.791999999994,71079.318,0.0,66913.29776642473,7761.1284444293615
0,LHS-000049,,48411.791999999994,71079.318,0.0,92520.6968307525,11057.74183032325
0,LHS-000852,,84981.31199999999,143765.3205,0.14588440166666666,57511.281904989446,51288.365352459994
0,LHS-000048,,18815.472,134663.778,0.11554592666666663,143291.936146075,12204.141851589668
0,LHS-000851,,52436.592,99547.488,0.0,142050.7740111972,6047.326560678973
0,LHS-000047,,84981.31199999999,199362.5055,0.3312083516666667,37500.09497403139,78016.47114095945
0,LHS-000850,,18600.192,122622.29550000001,0.07540765166666669,49175.02231110333,71140.53673687804
0,LHS-000046,,51790.75199999999,87955.713,0.0,22204.556514730197,34098.19359233527
0,LHS-000462,,48411.791999999994,132162.228,0.10720742666666667,76423.00393111333,23035.76262661161
0,LHS-000463,,86057.712,178993.54799999998,0.2633118266666666,22749.037455877053,88277.38322536445
0,LHS-000460,,18534.672000000002,102285.10800000001,0.007617026666666691,120919.79083863583,24631.11330895242
0,LHS-000248,,101576.59199999999,137741.553,0.1258051766666667,17691.514305530363,75420.70361810306
0,LHS-000461,,69247.152,139270.518,0.1309017266666667,116912.41498763724,45610.509731135
0,LHS-000249,,48411.791999999994,71079.318,0.0,82954.8810776878,5430.133575990945
0,LHS-000246,,101576.59199999999,160360.6005,0.20120200166666666,60881.43859878583,33324.3601445675
0,LHS-000848,,52436.592,99547.488,0.0,37187.11676391861,31024.74726801611
0,LHS-000247,,84981.31199999999,199362.5055,0.3312083516666667,27847.373524366667,81388.52815390112
0,LHS-000849,,35195.472,116598.528,0.05532842666666669,8447.086646622305,61117.647015225004
0,LHS-000244,,102868.272,218716.57799999998,0.3957219266666666,25192.85969803447,126615.46447619055
0,LHS-000846,,63350.352,126739.818,0.08913272666666666,156799.8955751614,24730.95579464489
0,LHS-000245,,84981.31199999999,143765.3205,0.14588440166666666,17538.540704074334,51236.79665844028
0,LHS-000847,,35195.472,149576.66549999997,0.16525555166666658,53058.69814014972,63183.62521371389
0,LHS-000242,,93227.472,176977.908,0.25659302666666667,26423.008414714248,74954.17763325473
0,LHS-000243,,51790.75199999999,110574.7605,0.03524920166666668,78384.63574463224,39263.240794312784
0,LHS-000468,,68386.03199999999,149789.088,0.16596362666666664,144948.9571569586,31458.817983430275
0,LHS-000240,,101576.59199999999,137741.553,0.1258051766666667,10891.640651943668,121240.72061944196
0,LHS-000469,,18815.472,88838.838,0.0,160101.06641531526,12825.224156704278
0,LHS-000241,,18534.672000000002,81924.138,0.0,59684.154261305004,25022.713432974942
0,LHS-000466,,35626.032,151474.338,0.17158112666666664,159410.3131418617,33306.97709423028
0,LHS-000467,,78288.912,141678.378,0.13892792666666665,62285.933217017504,32036.6119430325
0,LHS-000659,,18534.672000000002,41202.198000000004,0.0,204890.05747032835,7667.1351602432505
0,LHS-000464,,102868.272,218716.57799999998,0.3957219266666666,46185.89802935222,49732.778168148056
0,LHS-000465,,35626.032,82736.928,0.0,15619.41311324778,42267.79454529501
0,LHS-000092,,68386.03199999999,182767.2255,0.27589075166666666,49786.6046793075,59333.28957577306
0,LHS-000091,,51790.75199999999,87955.713,0.0,98279.82252029056,41830.86206079028
0,LHS-000090,,18600.192,54765.153000000006,0.0,56316.04258117055,32707.760780373053
0,LHS-000879,,63350.352,86017.878,0.0,52708.16474944166,84625.58487412777
0,LHS-000884,,102868.272,195804.10799999998,0.3193470266666666,56148.93122143472,37608.25716602028
0,LHS-000885,,68386.03199999999,137529.1305,0.12509710166666665,144519.881094835,24763.565843360473
0,LHS-000882,,101576.59199999999,148100.643,0.1603354766666667,24721.931231626695,89931.60169025917
0,LHS-000883,,86057.712,133168.608,0.11056202666666669,49556.90411164528,34735.43920257833
0,LHS-000888,,35195.472,71360.433,0.0,52397.14901275306,33393.71496328278
0,LHS-000889,,101576.59199999999,205598.69549999997,0.3519956516666666,4400.1494110115,119406.39070492389
0,LHS-000886,,33473.232,76501.728,0.0,53174.52770663639,17432.888273219305
0,LHS-000887,,101576.59199999999,215957.7855,0.38652595166666665,16089.239433335084,88486.27933511333
0,LHS-000095,,68386.03199999999,127170.0405,0.09056680166666668,21895.075896173996,80806.18144143418
0,LHS-000096,,68386.03199999999,127170.0405,0.09056680166666668,45763.119625019164,26596.093425385086
0,LHS-000093,,63350.352,147100.788,0.15700262666666667,141586.70252751026,19941.676430564974
0,LHS-000094,,48411.791999999994,91440.288,0.0,97715.87771136445,6698.60628811925
0,LHS-000099,,78288.912,141678.378,0.13892792666666665,199403.2384142053,31706.457630033885
0,LHS-000880,,101576.59199999999,205598.69549999997,0.3519956516666666,3389.0780314759163,202365.18132790472
0,LHS-000881,,52436.592,168284.898,0.22761632666666662,43771.775124366664,30898.282635591113
0,LHS-000097,,69247.152,116358.04800000001,0.0545268266666667,108639.48255151029,17629.315608136058
0,LHS-000098,,102868.272,218716.57799999998,0.3957219266666666,179698.60888642474,32172.86197128
0,LHS-000869,,52436.592,145372.428,0.1512414266666667,170195.75406453252,17249.483149144085
0,LHS-000868,,68386.03199999999,127170.0405,0.09056680166666668,59308.40851016194,65242.48348404611
0,LHS-000871,,18815.472,65926.368,0.0,77424.37203244305,24922.94169526628
0,LHS-000872,,101576.59199999999,215957.7855,0.38652595166666665,33917.01691770834,90127.37113817417
0,LHS-000873,,93227.472,176977.908,0.25659302666666667,46883.97411529028,86636.59361497585
0,LHS-000874,,35195.472,104338.5705,0.014461901666666672,58606.059452475005,24478.262509370277
0,LHS-000875,,68386.03199999999,104550.993,0.015169976666666673,98187.04321571473,36772.565444123335
0,LHS-000876,,63350.352,147100.788,0.15700262666666667,34940.09790414333,44043.05248474944
0,LHS-000877,,51790.75199999999,166171.94549999997,0.22057315166666658,44693.711234619725,42015.52031198639
0,LHS-000878,,93227.472,136255.968,0.12085322666666665,82453.41581606778,64305.17215574501
0,LHS-000600,,93227.472,176977.908,0.25659302666666667,111579.36340169443,20955.188948666804
0,LHS-000601,,68386.03199999999,149789.088,0.16596362666666664,67629.93100784639,23078.843453338723
0,LHS-000602,,93227.472,176977.908,0.25659302666666667,1768.0283149681388,168731.5144589303
0,LHS-000603,,68386.03199999999,137529.1305,0.12509710166666665,32969.448074032225,28307.007342271947
0,LHS-000870,,18600.192,65124.243,0.0,38266.35736571834,46561.27484386944
0,LHS-000070,,35626.032,105649.398,0.01883132666666667,162256.57372655752,22483.214612074305
0,LHS-000609,,78288.912,100956.43800000001,0.0031881266666666974,39189.19039295472,36603.25726518417
0,LHS-000608,,48411.791999999994,71079.318,0.0,73521.966363005,40465.03587486055
0,LHS-000607,,18600.192,110362.338,0.03454112666666668,20832.97204735775,50614.919899155284
0,LHS-000606,,51790.75199999999,87955.713,0.0,91959.48081294805,24426.738695523833
0,LHS-000605,,51790.75199999999,143552.89800000002,0.14517632666666672,64240.047960131385,31608.96716869139
0,LHS-000604,,102868.272,172891.63799999998,0.2429721266666666,110802.60916056806,69158.50036274806
0,LHS-000079,,68386.03199999999,160148.17799999999,0.20049392666666663,27273.995678188694,51605.835483995834
0,LHS-000613,,101576.59199999999,170719.6905,0.23573230166666664,86913.45276671722,44474.82466589944
0,LHS-000077,,101576.59199999999,160360.6005,0.20120200166666666,33581.218263991665,58409.35035590806
0,LHS-000614,,35195.472,93979.4805,0.0,94780.05750494417,43077.933178768886
0,LHS-000078,,35626.032,82736.928,0.0,80998.37646788999,15398.312690268694
0,LHS-000611,,63350.352,106378.848,0.02126282666666666,53158.76628496222,13732.622857252638
0,LHS-000075,,35195.472,126957.618,0.08985872666666668,74578.39753985917,23261.74198316636
0,LHS-000612,,48411.791999999994,71079.318,0.0,99728.29952864723,7813.214350539583
0,LHS-000076,,18600.192,110362.338,0.03454112666666668,85456.67232744166,23779.790370036084
0,LHS-000073,,63350.352,147100.788,0.15700262666666667,33617.38434930611,50682.808132593615
0,LHS-000610,,63350.352,126739.818,0.08913272666666666,97941.76237552584,47964.863193618614
0,LHS-000074,,63350.352,147100.788,0.15700262666666667,4672.3916010328885,155769.45660524914
0,LHS-000071,,68386.03199999999,182767.2255,0.27589075166666666,55996.71490226194,75048.82237330527
0,LHS-000072,,86057.712,178993.54799999998,0.2633118266666666,21679.293948912862,86357.85187502306
0,LHS-000619,,18600.192,110362.338,0.03454112666666668,81091.00310686194,26312.410973587168
0,LHS-000081,,86057.712,178993.54799999998,0.2633118266666666,37619.40306737861,66584.88610116307
0,LHS-000080,,78288.912,141678.378,0.13892792666666665,21924.392668358192,121167.35598759944
0,LHS-000616,,102868.272,149979.16799999998,0.1665972266666666,167820.51012997553,22338.039488594804
0,LHS-000615,,101576.59199999999,148100.643,0.1603354766666667,91401.86118245417,35319.63787550944
0,LHS-000618,,86057.712,133168.608,0.11056202666666669,31378.353996992777,46123.67569287528
0,LHS-000617,,35626.032,82736.928,0.0,52045.12792129584,52939.53658144528
0,LHS-000897,,68386.03199999999,114910.083,0.04970027666666666,53409.444181308885,15783.633747261805
0,LHS-000898,,84981.31199999999,166384.368,0.22128122666666664,18821.275703284697,111542.42104967
0,LHS-000899,,35195.472,149576.66549999997,0.16525555166666658,14549.853186604527,62584.87885490638
0,LHS-000893,,68386.03199999999,114910.083,0.04970027666666666,118109.37165016083,13079.111433569416
0,LHS-000894,,51790.75199999999,143552.89800000002,0.14517632666666672,4958.422555901027,129647.98588882167
0,LHS-000895,,86057.712,178993.54799999998,0.2633118266666666,67937.03302899945,36328.9525184
0,LHS-000896,,18815.472,134663.778,0.11554592666666663,111409.01509117807,36792.67184432222
0,LHS-000622,,51790.75199999999,133193.808,0.11064602666666663,93538.03001148943,20850.85072988539
0,LHS-000086,,68386.03199999999,149789.088,0.16596362666666664,54848.21761269278,38080.153099095274
0,LHS-000623,,78288.912,100956.43800000001,0.0031881266666666974,76951.94934077084,34935.54543647195
0,LHS-000087,,68386.03199999999,182767.2255,0.27589075166666666,11391.201307259724,61646.37431853555
0,LHS-000890,,63350.352,86017.878,0.0,119243.08935981445,5586.850613321916
0,LHS-000624,,78288.912,100956.43800000001,0.0031881266666666974,62365.940956146114,74625.05720142639
0,LHS-000088,,18600.192,110362.338,0.03454112666666668,54204.1881873975,29698.436636273054
0,LHS-000891,,68386.03199999999,182767.2255,0.27589075166666666,5414.002599427445,97834.5115540514
0,LHS-000625,,18600.192,54765.153000000006,0.0,89557.22544433527,27001.927346339027
0,LHS-000089,,33473.232,96862.698,0.0,60595.19676396583,20178.44477276711
0,LHS-000892,,102868.272,172891.63799999998,0.2429721266666666,49025.32617843278,59908.92091401222
0,LHS-000082,,78288.912,100956.43800000001,0.0031881266666666974,60204.6720643625,19274.177430956526
0,LHS-000083,,51790.75199999999,98314.803,0.0,162972.04052232613,6000.270761226694
0,LHS-000620,,69247.152,162182.98799999998,0.2072766266666666,56853.611385045835,46075.63383300167
0,LHS-000084,,68386.03199999999,160148.17799999999,0.20049392666666663,15684.366287319499,48293.12521926639
0,LHS-000621,,18534.672000000002,102285.10800000001,0.007617026666666691,167428.50256641585,34481.652286795834
0,LHS-000085,,33473.232,76501.728,0.0,91482.25376454667,15879.497480991029
0,LHS-000221,,51790.75199999999,143552.89800000002,0.14517632666666672,54368.58263525278,78891.37371409748
0,LHS-000220,,18600.192,132981.3855,0.10993795166666669,130702.57657516528,10530.578259801638
0,LHS-000487,,69247.152,185095.45799999998,0.2836515266666666,121970.01744098224,38053.136438678055
0,LHS-000486,,33473.232,56140.758,0.0,20448.604693958947,21791.71407214111
0,LHS-000489,,63350.352,86017.878,0.0,125437.27498175944,4532.065091835472
0,LHS-000488,,84981.31199999999,131505.363,0.1050178766666667,74612.81550696639,59248.22467462389
0,LHS-000483,,52436.592,168284.898,0.22761632666666662,78324.8348482175,54970.25845268889
0,LHS-000227,,35626.032,128561.868,0.09520622666666667,59604.66626818666,32067.194230254165
0,LHS-000482,,101576.59199999999,148100.643,0.1603354766666667,23740.190027812805,60121.954300043886
0,LHS-000226,,63350.352,147100.788,0.15700262666666667,24411.41823570972,58535.575172743615
0,LHS-000485,,101576.59199999999,205598.69549999997,0.3519956516666666,145130.84328797917,34965.87192171361
0,LHS-000229,,68386.03199999999,182767.2255,0.27589075166666666,103487.60986631388,26872.151170606332
0,LHS-000484,,93227.472,136255.968,0.12085322666666665,27343.02614618753,37195.88853852389
0,LHS-000228,,35626.032,151474.338,0.17158112666666664,39409.016716811384,26801.867519701947
0,LHS-000223,,51790.75199999999,166171.94549999997,0.22057315166666658,147423.25816965417,12699.756205942833
0,LHS-000222,,18600.192,132981.3855,0.10993795166666669,38176.91348725277,45434.602267240276
0,LHS-000481,,48411.791999999994,132162.228,0.10720742666666667,149258.02344544666,17334.333711071806
0,LHS-000225,,101576.59199999999,215957.7855,0.38652595166666665,74199.27759936194,66183.45700393528
0,LHS-000480,,51790.75199999999,143552.89800000002,0.14517632666666672,19110.503004583443,45924.3153545975
0,LHS-000224,,18600.192,77384.2005,0.0,129258.02204055499,18872.623837678388
0,LHS-000219,,35195.472,116598.528,0.05532842666666669,77753.58457981334,58487.3244792525
0,LHS-000210,,18600.192,54765.153000000006,0.0,133987.93960916472,13588.007371735415
0,LHS-000479,,68386.03199999999,160148.17799999999,0.20049392666666663,78690.78986596304,16686.5434469565
0,LHS-000478,,63350.352,147100.788,0.15700262666666667,17812.575860779278,46474.79028545833
0,LHS-000477,,35195.472,71360.433,0.0,178160.89498700277,18348.187119539834
0,LHS-000476,,35195.472,126957.618,0.08985872666666668,70745.78510162639,53124.22450930361
0,LHS-000475,,35195.472,126957.618,0.08985872666666668,115685.40065038805,34331.04310454583
0,LHS-000474,,51790.75199999999,166171.94549999997,0.22057315166666658,74169.7765529264,22558.798850139305
0,LHS-000218,,48411.791999999994,71079.318,0.0,206126.6386925175,12134.374456509166
0,LHS-000473,,84981.31199999999,143765.3205,0.14588440166666666,76708.71566607278,48178.36546833806
0,LHS-000217,,35195.472,126957.618,0.08985872666666668,78581.43580756917,19485.70321341911
0,LHS-000472,,33473.232,56140.758,0.0,114604.57769390778,27095.124107788415
0,LHS-000216,,51790.75199999999,155812.85549999998,0.1860428516666666,65312.38678713916,46957.526371687774
0,LHS-000471,,35195.472,81719.523,0.0,145687.1095207275,7518.491110666249
0,LHS-000215,,84981.31199999999,176743.45799999998,0.2558115266666666,68913.04766682473,39189.56335051889
0,LHS-000470,,51790.75199999999,143552.89800000002,0.14517632666666672,78513.25011123055,28343.181528516114
0,LHS-000214,,101576.59199999999,215957.7855,0.38652595166666665,65610.08976958973,60083.030327084445
0,LHS-000213,,78288.912,141678.378,0.13892792666666665,67165.45180368416,32940.41452361917
0,LHS-000212,,51790.75199999999,98314.803,0.0,15414.731591157859,27186.68639607567
0,LHS-000211,,101576.59199999999,148100.643,0.1603354766666667,52501.16709818889,39699.30494328194
0,LHS-000208,,101576.59199999999,193338.73799999998,0.3111291266666666,22888.918029663582,43874.71073605611
0,LHS-000209,,35195.472,149576.66549999997,0.16525555166666658,9340.700137482165,104286.22881760917
0,LHS-000201,,78288.912,141678.378,0.13892792666666665,31982.267473668886,74649.89400755832
0,LHS-000200,,102868.272,218716.57799999998,0.3957219266666666,81985.59322263749,39570.14054951334
0,LHS-000203,,101576.59199999999,148100.643,0.1603354766666667,73576.87334036529,22055.683478027393
0,LHS-000202,,63350.352,86017.878,0.0,168128.30857007526,35497.65702069611
0,LHS-000205,,68386.03199999999,114910.083,0.04970027666666666,171746.7667973564,15737.921575954055
0,LHS-000204,,52436.592,99547.488,0.0,101730.13060132362,65030.144088266665
0,LHS-000207,,101576.59199999999,182979.648,0.27659882666666663,9511.684201190445,83292.6913305725
0,LHS-000206,,35195.472,149576.66549999997,0.16525555166666658,62221.0110470125,35224.446929387224
0,LHS-000499,,35626.032,128561.868,0.09520622666666667,69725.81578590833,40553.08945283833
0,LHS-000498,,68386.03199999999,182767.2255,0.27589075166666666,30802.786751941112,87911.03031070695
0,LHS-000497,,33473.232,56140.758,0.0,77232.74865189889,27744.11478930014
0,LHS-000492,,102868.272,172891.63799999998,0.2429721266666666,126443.76986313556,22187.661288985862
0,LHS-000491,,84981.31199999999,121146.273,0.07048757666666668,22080.22526272797,32374.321921878054
0,LHS-000490,,33473.232,117223.668,0.057412226666666684,23378.82055477125,41956.768418515836
0,LHS-000496,,78288.912,100956.43800000001,0.0031881266666666974,189378.52694738054,24634.799190032332
0,LHS-000495,,68386.03199999999,127170.0405,0.09056680166666668,11556.754213942695,45909.33421397472
0,LHS-000494,,35195.472,81719.523,0.0,149004.87012376916,14358.411872743583
0,LHS-000493,,84981.31199999999,131505.363,0.1050178766666667,52551.10857741722,82207.85097620833
0,LHS-000900,,68386.03199999999,182767.2255,0.27589075166666666,127739.47690288082,26782.08464117111
